{"file_hashes":[{"block_hashes":["+uRaw18Q7up+HfbY+av8VZWG7VVvTungXH84Qx2/f7s=","W+e6xEEZztf5bmMH4wCupVBd3heBhlhN7wLeEz3WRcY=","QUdLxgO0UOArgEaaLpmA0lR01383b7C+TCZ2b9LZzIs=","wkfWhYsz5thSZ/g8NSWYt7dBj7T3TAXOoAx1OnGHpKA=","T4lZ59lANcj7Jbb3LSYTSpzkSrYJCdUKLdz4X1YUG28=","2skuA+A4DfeoVTzJWg7XYo6wxwHqcsSIUCUNy4Ob4gw=","1xpOvM3C4iDVQwt7rqjNDmvmcsZw48cuaREM0/mX1OM=","0qkEVt8Iby7vcIzpLGiHW06YWcno9dIj/zYGV4+hc/I=","dvFKpFY099UFXe8Ep4RdlnCfHNWWIu/8nIw7EoXHpV4=","50Qif/+lSI0mQlnBLuygQ4CBvuANH/Annxnvxs5STNo=","AsFLvCCzZ9tzlVvbQS84ic4NgUlRV13nfWqzr4S5xS0=","JTb0Uma06iwUsdivmq9m2Vopdcz5ej9cvt+aYZaXG9o=","HfsNALoEwd0/51OXQ+vVKOpn8LcED4eiTtXt9jnwh98=","VBmeOxXhOCXuLRMtC2+0A+Ee6ZaEAptVRTnHdgBbchk=","NNzONQdC5hACdi2eI7lzLpzgAYlt5buQNNnrjZIbrfQ=","wFZ+Ed2R4PG6BSul6BDN+IyZOF+8ito5jxqLSJZB0Qk=","A5fs/Hzh7BbcuOUzaXj8c8oJZoAD2NlPO4IE0kI88kQ=","CiXZQC6vbYtPCLpdCYA6hKTRXFwwPQu3NEqpmwk771k=","zXRVmyxmiio0HnL6dh5LHX089fyi/KD9CX1he7Z597A=","eUI5tfJPx+ViG10ZV9GtxPDTt9Oj/JA10G9yHvp1CDg=","1n516YhquKJGL8VZ2h+xT7dNY/YVXRVKhoZFscuH2Ew=","Uec9kZqbQ0Y+3hQpPVZs99GRcEVG4H5UiYK8xOQ6AnA=","ArvH+OEaE3RqSQ6mqhQdB5rG93hrDFTVlAJl8itOybs=","vgqJPjD/Zi0gHRORWx46XkySfxEgc0vzQXAKQ6d8rUM=","ww9I1P8AHGW136SDKwmCNS0rDwHZlq9wr9VMynG8irA=","q+G2Wok4kyfcLuVkRwgd/T8SMy5BWXe8+jOxfd2n2ls=","DIJytNw40hbtCAisvBQguQVco0wWEx6nq/bwfA3n7lI=","KiZWrGD/cNcNkLV8vZ9NHzx8Iw4JB/sA3LzqlTz3sQE=","UV5k4SPzzvXNH7+2ac+b2Yyrx1LeV5k8u0rSCkJqINw="],"block_size":4096,"path":"static/css/fe-codebeautify.css"},{"block_hashes":["ZZntzzEAB5SIe7Dux/AK270OJ0DEpFVk3C3ki+d/16o=","I+4viEfN+fQYZxMlEkesztJMz5b6ip07FyxlDtzbEwY=","nwuRBb3/FugL9dF8xp2bcoLe88cz8/5BN4AL/uxnZls=","BBMoZM2TgQv7PrXL/XMd4kWMmeHfLwPS3a0HnN1ZwhY=","iureHsOb9mx/vEYmT4wWVXxO29RkHXEp9fB0NefJ2lo=","A06eNVAQ6PEx/md+OIxPzu/pgnW8M83OWx44pxD8XbM=","7uI39P+ZaQ1Fc3+6UJLlRv1grKaBSojIIRFzkaCcYnU=","SRPn8oQOzzJzV15ttysOz+Z8pyfu9RVGzEeNm8jAvnw=","Z/kEXWL29JYI8h0JFKRQrh9x9t4Qi1+XR5PORtPGAik=","nE2bJkyqdkeDsfGLQbfT9LduTpepv3dGfheQE7T4RIM=","ORHSv7YNx8j3hLvP50hUev6HOB22UPRTEaht5RrSBXg=","bDXI4kra4IzzQaY8bMErOXSKVWTQ7DPtSHr9FixjnLg=","UYGDdUaXZm6bFO3/wdWBsGgCLQKV6MKWEym+YWmYahs=","qlTcnqRFaVDixCx8/JOLiBexFaAb/XClLUxcPj15gGo=","hBi+7UeArzEp7vIusopDQfYfOXSipIXhXAusRiqMnHk=","o+9+4rLHXmDXpKh/J3Vz04vtl46UtdF2vKYTYUtTRvU=","PEBB3GXKIaT1bIwLAS192iTNOPpWkxbBoDsBj5HrA+U=","V7NEeB8J9LATUHYjG8mTmGEuGEM8PuoPQo5yELZvZg8=","gWpEQuzeJhETVLYjRrIR44NEsHzkuUnZTsLJ100WfW8=","Z2yQbha2jE1Y0w/hrkvgVHcKWQLUP3QILQiAYGGaU6U=","Mmvi8xVCy2oM2kIJQj/r/mryvZt5MOrJRkAJ75Hf/h8=","n48at9FRx69st4ZszmJEb+4kxy+dEx0UzFWvdStBw/Q=","ZcDmI9aUUP2/ZBOp05dmkBSE5Vyvbo3vtXUHHLjsqnE=","r61p8CEiXrHqo8AvARhMFLbPWOZjMWdLgpWLofSO2lY=","Xde5q9W0YuYSuKJlhXpxODcRXGxIo6C55GHtGoQdgWc=","dcIi7j+TA/YDlpEjYdYE9jqbhKnEh6xuIQLOtjqM5Mc=","RMioq6AEuJojyuyFhJFzmAdtcNXv/1AxiTu7ZsJxO18="],"block_size":4096,"path":"static/css/fe-endecode.css"},{"block_hashes":["P2ymaB5AO+znluhXUsyknTC1N2LrCJT6xeug2/uYaFo=","36hHDyS/uYdRJ8JMekRr36tkFiDbI9Q5b6oZAKrjDn0="],"block_size":4096,"path":"static/css/fe-helper.css"},{"block_hashes":["ZZntzzEAB5SIe7Dux/AK270OJ0DEpFVk3C3ki+d/16o=","I+4viEfN+fQYZxMlEkesztJMz5b6ip07FyxlDtzbEwY=","nwuRBb3/FugL9dF8xp2bcoLe88cz8/5BN4AL/uxnZls=","BBMoZM2TgQv7PrXL/XMd4kWMmeHfLwPS3a0HnN1ZwhY=","iureHsOb9mx/vEYmT4wWVXxO29RkHXEp9fB0NefJ2lo=","A06eNVAQ6PEx/md+OIxPzu/pgnW8M83OWx44pxD8XbM=","7uI39P+ZaQ1Fc3+6UJLlRv1grKaBSojIIRFzkaCcYnU=","SRPn8oQOzzJzV15ttysOz+Z8pyfu9RVGzEeNm8jAvnw=","Z/kEXWL29JYI8h0JFKRQrh9x9t4Qi1+XR5PORtPGAik=","nE2bJkyqdkeDsfGLQbfT9LduTpepv3dGfheQE7T4RIM=","ORHSv7YNx8j3hLvP50hUev6HOB22UPRTEaht5RrSBXg=","bDXI4kra4IzzQaY8bMErOXSKVWTQ7DPtSHr9FixjnLg=","UYGDdUaXZm6bFO3/wdWBsGgCLQKV6MKWEym+YWmYahs=","qlTcnqRFaVDixCx8/JOLiBexFaAb/XClLUxcPj15gGo=","hBi+7UeArzEp7vIusopDQfYfOXSipIXhXAusRiqMnHk=","o+9+4rLHXmDXpKh/J3Vz04vtl46UtdF2vKYTYUtTRvU=","PEBB3GXKIaT1bIwLAS192iTNOPpWkxbBoDsBj5HrA+U=","V7NEeB8J9LATUHYjG8mTmGEuGEM8PuoPQo5yELZvZg8=","gWpEQuzeJhETVLYjRrIR44NEsHzkuUnZTsLJ100WfW8=","Z2yQbha2jE1Y0w/hrkvgVHcKWQLUP3QILQiAYGGaU6U=","Mmvi8xVCy2oM2kIJQj/r/mryvZt5MOrJRkAJ75Hf/h8=","n48at9FRx69st4ZszmJEb+4kxy+dEx0UzFWvdStBw/Q=","ZcDmI9aUUP2/ZBOp05dmkBSE5Vyvbo3vtXUHHLjsqnE=","r61p8CEiXrHqo8AvARhMFLbPWOZjMWdLgpWLofSO2lY=","Xde5q9W0YuYSuKJlhXpxODcRXGxIo6C55GHtGoQdgWc=","dcIi7j+TA/YDlpEjYdYE9jqbhKnEh6xuIQLOtjqM5Mc=","+pO1FCN3R3+YmesFFjHWD3cwU/GsfF22OeQ80tMl8SQ=","al2wRZcx7Yt4hOjhEhaOnPhlV05P4auUb8QyS+eB/R4="],"block_size":4096,"path":"static/css/fe-imagebase64.css"},{"block_hashes":["ZZntzzEAB5SIe7Dux/AK270OJ0DEpFVk3C3ki+d/16o=","I+4viEfN+fQYZxMlEkesztJMz5b6ip07FyxlDtzbEwY=","nwuRBb3/FugL9dF8xp2bcoLe88cz8/5BN4AL/uxnZls=","BBMoZM2TgQv7PrXL/XMd4kWMmeHfLwPS3a0HnN1ZwhY=","iureHsOb9mx/vEYmT4wWVXxO29RkHXEp9fB0NefJ2lo=","A06eNVAQ6PEx/md+OIxPzu/pgnW8M83OWx44pxD8XbM=","7uI39P+ZaQ1Fc3+6UJLlRv1grKaBSojIIRFzkaCcYnU=","SRPn8oQOzzJzV15ttysOz+Z8pyfu9RVGzEeNm8jAvnw=","Z/kEXWL29JYI8h0JFKRQrh9x9t4Qi1+XR5PORtPGAik=","nE2bJkyqdkeDsfGLQbfT9LduTpepv3dGfheQE7T4RIM=","ORHSv7YNx8j3hLvP50hUev6HOB22UPRTEaht5RrSBXg=","bDXI4kra4IzzQaY8bMErOXSKVWTQ7DPtSHr9FixjnLg=","UYGDdUaXZm6bFO3/wdWBsGgCLQKV6MKWEym+YWmYahs=","qlTcnqRFaVDixCx8/JOLiBexFaAb/XClLUxcPj15gGo=","hBi+7UeArzEp7vIusopDQfYfOXSipIXhXAusRiqMnHk=","o+9+4rLHXmDXpKh/J3Vz04vtl46UtdF2vKYTYUtTRvU=","PEBB3GXKIaT1bIwLAS192iTNOPpWkxbBoDsBj5HrA+U=","V7NEeB8J9LATUHYjG8mTmGEuGEM8PuoPQo5yELZvZg8=","gWpEQuzeJhETVLYjRrIR44NEsHzkuUnZTsLJ100WfW8=","Z2yQbha2jE1Y0w/hrkvgVHcKWQLUP3QILQiAYGGaU6U=","Mmvi8xVCy2oM2kIJQj/r/mryvZt5MOrJRkAJ75Hf/h8=","n48at9FRx69st4ZszmJEb+4kxy+dEx0UzFWvdStBw/Q=","ZcDmI9aUUP2/ZBOp05dmkBSE5Vyvbo3vtXUHHLjsqnE=","r61p8CEiXrHqo8AvARhMFLbPWOZjMWdLgpWLofSO2lY=","Xde5q9W0YuYSuKJlhXpxODcRXGxIo6C55GHtGoQdgWc=","dcIi7j+TA/YDlpEjYdYE9jqbhKnEh6xuIQLOtjqM5Mc=","i8cfPtWOcD5RI+NqdiqfGvGWgf/CvDoWWfyaQJN61G0=","mWwiV1WxKxKTRxjGpNKv+l6gxMSghBWNCHSwq4cPXjE="],"block_size":4096,"path":"static/css/fe-imagebase64_datauri.css"},{"block_hashes":["cqTkZu3STxUhuW0BBP9k8gJ84rLYJ+Vo2+wHdg3Bwnc=","AY27Cc4u9PAryyXtvCTIcHU3Zp3U/pT/gujdtUXsWJE="],"block_size":4096,"path":"static/css/fe-jsonformat-content.css"},{"block_hashes":["ZZntzzEAB5SIe7Dux/AK270OJ0DEpFVk3C3ki+d/16o=","I+4viEfN+fQYZxMlEkesztJMz5b6ip07FyxlDtzbEwY=","nwuRBb3/FugL9dF8xp2bcoLe88cz8/5BN4AL/uxnZls=","BBMoZM2TgQv7PrXL/XMd4kWMmeHfLwPS3a0HnN1ZwhY=","iureHsOb9mx/vEYmT4wWVXxO29RkHXEp9fB0NefJ2lo=","A06eNVAQ6PEx/md+OIxPzu/pgnW8M83OWx44pxD8XbM=","7uI39P+ZaQ1Fc3+6UJLlRv1grKaBSojIIRFzkaCcYnU=","SRPn8oQOzzJzV15ttysOz+Z8pyfu9RVGzEeNm8jAvnw=","Z/kEXWL29JYI8h0JFKRQrh9x9t4Qi1+XR5PORtPGAik=","nE2bJkyqdkeDsfGLQbfT9LduTpepv3dGfheQE7T4RIM=","ORHSv7YNx8j3hLvP50hUev6HOB22UPRTEaht5RrSBXg=","bDXI4kra4IzzQaY8bMErOXSKVWTQ7DPtSHr9FixjnLg=","UYGDdUaXZm6bFO3/wdWBsGgCLQKV6MKWEym+YWmYahs=","qlTcnqRFaVDixCx8/JOLiBexFaAb/XClLUxcPj15gGo=","hBi+7UeArzEp7vIusopDQfYfOXSipIXhXAusRiqMnHk=","o+9+4rLHXmDXpKh/J3Vz04vtl46UtdF2vKYTYUtTRvU=","PEBB3GXKIaT1bIwLAS192iTNOPpWkxbBoDsBj5HrA+U=","V7NEeB8J9LATUHYjG8mTmGEuGEM8PuoPQo5yELZvZg8=","gWpEQuzeJhETVLYjRrIR44NEsHzkuUnZTsLJ100WfW8=","Z2yQbha2jE1Y0w/hrkvgVHcKWQLUP3QILQiAYGGaU6U=","Mmvi8xVCy2oM2kIJQj/r/mryvZt5MOrJRkAJ75Hf/h8=","n48at9FRx69st4ZszmJEb+4kxy+dEx0UzFWvdStBw/Q=","ZcDmI9aUUP2/ZBOp05dmkBSE5Vyvbo3vtXUHHLjsqnE=","r61p8CEiXrHqo8AvARhMFLbPWOZjMWdLgpWLofSO2lY=","Xde5q9W0YuYSuKJlhXpxODcRXGxIo6C55GHtGoQdgWc=","dcIi7j+TA/YDlpEjYdYE9jqbhKnEh6xuIQLOtjqM5Mc=","WgkhPXZ9dqIshwy24Rji60OS7JT32ZgzPH00qsShQQ0=","xWX7hjFJniSrm+TufDN1lDivQEKBGqG3hv2uAm8TXwA="],"block_size":4096,"path":"static/css/fe-jsonformat.css"},{"block_hashes":["ZZntzzEAB5SIe7Dux/AK270OJ0DEpFVk3C3ki+d/16o=","I+4viEfN+fQYZxMlEkesztJMz5b6ip07FyxlDtzbEwY=","nwuRBb3/FugL9dF8xp2bcoLe88cz8/5BN4AL/uxnZls=","BBMoZM2TgQv7PrXL/XMd4kWMmeHfLwPS3a0HnN1ZwhY=","iureHsOb9mx/vEYmT4wWVXxO29RkHXEp9fB0NefJ2lo=","A06eNVAQ6PEx/md+OIxPzu/pgnW8M83OWx44pxD8XbM=","7uI39P+ZaQ1Fc3+6UJLlRv1grKaBSojIIRFzkaCcYnU=","SRPn8oQOzzJzV15ttysOz+Z8pyfu9RVGzEeNm8jAvnw=","Z/kEXWL29JYI8h0JFKRQrh9x9t4Qi1+XR5PORtPGAik=","nE2bJkyqdkeDsfGLQbfT9LduTpepv3dGfheQE7T4RIM=","ORHSv7YNx8j3hLvP50hUev6HOB22UPRTEaht5RrSBXg=","bDXI4kra4IzzQaY8bMErOXSKVWTQ7DPtSHr9FixjnLg=","UYGDdUaXZm6bFO3/wdWBsGgCLQKV6MKWEym+YWmYahs=","qlTcnqRFaVDixCx8/JOLiBexFaAb/XClLUxcPj15gGo=","hBi+7UeArzEp7vIusopDQfYfOXSipIXhXAusRiqMnHk=","o+9+4rLHXmDXpKh/J3Vz04vtl46UtdF2vKYTYUtTRvU=","PEBB3GXKIaT1bIwLAS192iTNOPpWkxbBoDsBj5HrA+U=","V7NEeB8J9LATUHYjG8mTmGEuGEM8PuoPQo5yELZvZg8=","gWpEQuzeJhETVLYjRrIR44NEsHzkuUnZTsLJ100WfW8=","Z2yQbha2jE1Y0w/hrkvgVHcKWQLUP3QILQiAYGGaU6U=","Mmvi8xVCy2oM2kIJQj/r/mryvZt5MOrJRkAJ75Hf/h8=","n48at9FRx69st4ZszmJEb+4kxy+dEx0UzFWvdStBw/Q=","ZcDmI9aUUP2/ZBOp05dmkBSE5Vyvbo3vtXUHHLjsqnE=","r61p8CEiXrHqo8AvARhMFLbPWOZjMWdLgpWLofSO2lY=","Xde5q9W0YuYSuKJlhXpxODcRXGxIo6C55GHtGoQdgWc=","dcIi7j+TA/YDlpEjYdYE9jqbhKnEh6xuIQLOtjqM5Mc=","WgkhPXZ9dqIshwy24Rji60OS7JT32ZgzPH00qsShQQ0=","88JyymlooE9oTIaTarnEl44G3WhTyGQFVffcIzt3eyQ="],"block_size":4096,"path":"static/css/fe-jsonformat_datauri.css"},{"block_hashes":["pnoguD9IZOwZD7IDgI4HTYnIwQRIip9AuCj46n+feiM="],"block_size":4096,"path":"static/css/fe-opt.css"},{"block_hashes":["qJHYtFJqvqNbX2HEaohELciqZi6TXH8spsixZW9x8EA="],"block_size":4096,"path":"static/css/fe-popup.css"},{"block_hashes":["ZZntzzEAB5SIe7Dux/AK270OJ0DEpFVk3C3ki+d/16o=","I+4viEfN+fQYZxMlEkesztJMz5b6ip07FyxlDtzbEwY=","nwuRBb3/FugL9dF8xp2bcoLe88cz8/5BN4AL/uxnZls=","BBMoZM2TgQv7PrXL/XMd4kWMmeHfLwPS3a0HnN1ZwhY=","iureHsOb9mx/vEYmT4wWVXxO29RkHXEp9fB0NefJ2lo=","A06eNVAQ6PEx/md+OIxPzu/pgnW8M83OWx44pxD8XbM=","7uI39P+ZaQ1Fc3+6UJLlRv1grKaBSojIIRFzkaCcYnU=","SRPn8oQOzzJzV15ttysOz+Z8pyfu9RVGzEeNm8jAvnw=","Z/kEXWL29JYI8h0JFKRQrh9x9t4Qi1+XR5PORtPGAik=","nE2bJkyqdkeDsfGLQbfT9LduTpepv3dGfheQE7T4RIM=","ORHSv7YNx8j3hLvP50hUev6HOB22UPRTEaht5RrSBXg=","bDXI4kra4IzzQaY8bMErOXSKVWTQ7DPtSHr9FixjnLg=","UYGDdUaXZm6bFO3/wdWBsGgCLQKV6MKWEym+YWmYahs=","qlTcnqRFaVDixCx8/JOLiBexFaAb/XClLUxcPj15gGo=","hBi+7UeArzEp7vIusopDQfYfOXSipIXhXAusRiqMnHk=","o+9+4rLHXmDXpKh/J3Vz04vtl46UtdF2vKYTYUtTRvU=","PEBB3GXKIaT1bIwLAS192iTNOPpWkxbBoDsBj5HrA+U=","V7NEeB8J9LATUHYjG8mTmGEuGEM8PuoPQo5yELZvZg8=","gWpEQuzeJhETVLYjRrIR44NEsHzkuUnZTsLJ100WfW8=","Z2yQbha2jE1Y0w/hrkvgVHcKWQLUP3QILQiAYGGaU6U=","Mmvi8xVCy2oM2kIJQj/r/mryvZt5MOrJRkAJ75Hf/h8=","n48at9FRx69st4ZszmJEb+4kxy+dEx0UzFWvdStBw/Q=","ZcDmI9aUUP2/ZBOp05dmkBSE5Vyvbo3vtXUHHLjsqnE=","r61p8CEiXrHqo8AvARhMFLbPWOZjMWdLgpWLofSO2lY=","Xde5q9W0YuYSuKJlhXpxODcRXGxIo6C55GHtGoQdgWc=","dcIi7j+TA/YDlpEjYdYE9jqbhKnEh6xuIQLOtjqM5Mc=","IsziDTmG6v5HUFuDKzAMjC/yUnSIj2Y6DgTJPeHRudk="],"block_size":4096,"path":"static/css/fe-qrcode.css"},{"block_hashes":["ZZntzzEAB5SIe7Dux/AK270OJ0DEpFVk3C3ki+d/16o=","I+4viEfN+fQYZxMlEkesztJMz5b6ip07FyxlDtzbEwY=","nwuRBb3/FugL9dF8xp2bcoLe88cz8/5BN4AL/uxnZls=","BBMoZM2TgQv7PrXL/XMd4kWMmeHfLwPS3a0HnN1ZwhY=","iureHsOb9mx/vEYmT4wWVXxO29RkHXEp9fB0NefJ2lo=","A06eNVAQ6PEx/md+OIxPzu/pgnW8M83OWx44pxD8XbM=","7uI39P+ZaQ1Fc3+6UJLlRv1grKaBSojIIRFzkaCcYnU=","SRPn8oQOzzJzV15ttysOz+Z8pyfu9RVGzEeNm8jAvnw=","Z/kEXWL29JYI8h0JFKRQrh9x9t4Qi1+XR5PORtPGAik=","nE2bJkyqdkeDsfGLQbfT9LduTpepv3dGfheQE7T4RIM=","ORHSv7YNx8j3hLvP50hUev6HOB22UPRTEaht5RrSBXg=","bDXI4kra4IzzQaY8bMErOXSKVWTQ7DPtSHr9FixjnLg=","UYGDdUaXZm6bFO3/wdWBsGgCLQKV6MKWEym+YWmYahs=","qlTcnqRFaVDixCx8/JOLiBexFaAb/XClLUxcPj15gGo=","hBi+7UeArzEp7vIusopDQfYfOXSipIXhXAusRiqMnHk=","o+9+4rLHXmDXpKh/J3Vz04vtl46UtdF2vKYTYUtTRvU=","PEBB3GXKIaT1bIwLAS192iTNOPpWkxbBoDsBj5HrA+U=","V7NEeB8J9LATUHYjG8mTmGEuGEM8PuoPQo5yELZvZg8=","gWpEQuzeJhETVLYjRrIR44NEsHzkuUnZTsLJ100WfW8=","Z2yQbha2jE1Y0w/hrkvgVHcKWQLUP3QILQiAYGGaU6U=","Mmvi8xVCy2oM2kIJQj/r/mryvZt5MOrJRkAJ75Hf/h8=","n48at9FRx69st4ZszmJEb+4kxy+dEx0UzFWvdStBw/Q=","ZcDmI9aUUP2/ZBOp05dmkBSE5Vyvbo3vtXUHHLjsqnE=","r61p8CEiXrHqo8AvARhMFLbPWOZjMWdLgpWLofSO2lY=","Xde5q9W0YuYSuKJlhXpxODcRXGxIo6C55GHtGoQdgWc=","dcIi7j+TA/YDlpEjYdYE9jqbhKnEh6xuIQLOtjqM5Mc=","5hc1aRh4vpBD7Up5awx0aaB0QXHZt7XwAILKa549o74=","jRupzDV5wRDMDbmOXm8irlsPZ0mjx0UwqX/Qh3RQcd4="],"block_size":4096,"path":"static/css/fe-regexp.css"},{"block_hashes":["ZZntzzEAB5SIe7Dux/AK270OJ0DEpFVk3C3ki+d/16o=","I+4viEfN+fQYZxMlEkesztJMz5b6ip07FyxlDtzbEwY=","nwuRBb3/FugL9dF8xp2bcoLe88cz8/5BN4AL/uxnZls=","BBMoZM2TgQv7PrXL/XMd4kWMmeHfLwPS3a0HnN1ZwhY=","iureHsOb9mx/vEYmT4wWVXxO29RkHXEp9fB0NefJ2lo=","A06eNVAQ6PEx/md+OIxPzu/pgnW8M83OWx44pxD8XbM=","7uI39P+ZaQ1Fc3+6UJLlRv1grKaBSojIIRFzkaCcYnU=","SRPn8oQOzzJzV15ttysOz+Z8pyfu9RVGzEeNm8jAvnw=","Z/kEXWL29JYI8h0JFKRQrh9x9t4Qi1+XR5PORtPGAik=","nE2bJkyqdkeDsfGLQbfT9LduTpepv3dGfheQE7T4RIM=","ORHSv7YNx8j3hLvP50hUev6HOB22UPRTEaht5RrSBXg=","bDXI4kra4IzzQaY8bMErOXSKVWTQ7DPtSHr9FixjnLg=","UYGDdUaXZm6bFO3/wdWBsGgCLQKV6MKWEym+YWmYahs=","qlTcnqRFaVDixCx8/JOLiBexFaAb/XClLUxcPj15gGo=","hBi+7UeArzEp7vIusopDQfYfOXSipIXhXAusRiqMnHk=","o+9+4rLHXmDXpKh/J3Vz04vtl46UtdF2vKYTYUtTRvU=","PEBB3GXKIaT1bIwLAS192iTNOPpWkxbBoDsBj5HrA+U=","V7NEeB8J9LATUHYjG8mTmGEuGEM8PuoPQo5yELZvZg8=","gWpEQuzeJhETVLYjRrIR44NEsHzkuUnZTsLJ100WfW8=","Z2yQbha2jE1Y0w/hrkvgVHcKWQLUP3QILQiAYGGaU6U=","Mmvi8xVCy2oM2kIJQj/r/mryvZt5MOrJRkAJ75Hf/h8=","n48at9FRx69st4ZszmJEb+4kxy+dEx0UzFWvdStBw/Q=","ZcDmI9aUUP2/ZBOp05dmkBSE5Vyvbo3vtXUHHLjsqnE=","r61p8CEiXrHqo8AvARhMFLbPWOZjMWdLgpWLofSO2lY=","Xde5q9W0YuYSuKJlhXpxODcRXGxIo6C55GHtGoQdgWc=","dcIi7j+TA/YDlpEjYdYE9jqbhKnEh6xuIQLOtjqM5Mc=","jerMIZJjIWcFCL+5cgWMKS5p3LEVu6NhA+Kau0drdco="],"block_size":4096,"path":"static/css/fe-timestamp.css"},{"block_hashes":["ZZntzzEAB5SIe7Dux/AK270OJ0DEpFVk3C3ki+d/16o=","I+4viEfN+fQYZxMlEkesztJMz5b6ip07FyxlDtzbEwY=","nwuRBb3/FugL9dF8xp2bcoLe88cz8/5BN4AL/uxnZls=","BBMoZM2TgQv7PrXL/XMd4kWMmeHfLwPS3a0HnN1ZwhY=","iureHsOb9mx/vEYmT4wWVXxO29RkHXEp9fB0NefJ2lo=","A06eNVAQ6PEx/md+OIxPzu/pgnW8M83OWx44pxD8XbM=","7uI39P+ZaQ1Fc3+6UJLlRv1grKaBSojIIRFzkaCcYnU=","SRPn8oQOzzJzV15ttysOz+Z8pyfu9RVGzEeNm8jAvnw=","Z/kEXWL29JYI8h0JFKRQrh9x9t4Qi1+XR5PORtPGAik=","nE2bJkyqdkeDsfGLQbfT9LduTpepv3dGfheQE7T4RIM=","ORHSv7YNx8j3hLvP50hUev6HOB22UPRTEaht5RrSBXg=","bDXI4kra4IzzQaY8bMErOXSKVWTQ7DPtSHr9FixjnLg=","UYGDdUaXZm6bFO3/wdWBsGgCLQKV6MKWEym+YWmYahs=","qlTcnqRFaVDixCx8/JOLiBexFaAb/XClLUxcPj15gGo=","hBi+7UeArzEp7vIusopDQfYfOXSipIXhXAusRiqMnHk=","o+9+4rLHXmDXpKh/J3Vz04vtl46UtdF2vKYTYUtTRvU=","PEBB3GXKIaT1bIwLAS192iTNOPpWkxbBoDsBj5HrA+U=","V7NEeB8J9LATUHYjG8mTmGEuGEM8PuoPQo5yELZvZg8=","gWpEQuzeJhETVLYjRrIR44NEsHzkuUnZTsLJ100WfW8=","Z2yQbha2jE1Y0w/hrkvgVHcKWQLUP3QILQiAYGGaU6U=","Mmvi8xVCy2oM2kIJQj/r/mryvZt5MOrJRkAJ75Hf/h8=","n48at9FRx69st4ZszmJEb+4kxy+dEx0UzFWvdStBw/Q=","ZcDmI9aUUP2/ZBOp05dmkBSE5Vyvbo3vtXUHHLjsqnE=","r61p8CEiXrHqo8AvARhMFLbPWOZjMWdLgpWLofSO2lY=","Xde5q9W0YuYSuKJlhXpxODcRXGxIo6C55GHtGoQdgWc=","dcIi7j+TA/YDlpEjYdYE9jqbhKnEh6xuIQLOtjqM5Mc=","/v3PssxB940YKdrrSW19V59K0h3jWm6C0zBGUWK37Ag="],"block_size":4096,"path":"static/css/fe-wpo.css"},{"block_hashes":["cD4nFkzn9qSUOpT5OYW/pw426tCuQPZreNFa4xGR+rE="],"block_size":4096,"path":"static/img/close.png"},{"block_hashes":["51ssO5iWgblQPb3Cn93fx+kyBq/vA6KeYO9ZOjKHbgM="],"block_size":4096,"path":"static/img/crosshair.png"},{"block_hashes":["bGEVSZeXR9Gyg3kzddd9ICiwvl5IgnTLj0p4wTQBFus="],"block_size":4096,"path":"static/img/image_default.png"},{"block_hashes":["RAafo8H2aMNs01+J9U5fYAo0v/p1gOH1sU8dvXRZjY4="],"block_size":4096,"path":"static/img/json-down.png"},{"block_hashes":["6gnn2YiusCHNGQDgSFA35LVZjAtqnxwPQbUdjYn610E=","3E73QmWPxiS+wwHk5XxlpJ6cCSXZujdZRiOuSXndMv8="],"block_size":4096,"path":"static/img/pbar-ani.gif"},{"block_hashes":["LNyt2ay6Il77cR6gAVrxHJ9qF304Kmfu9qXu5+XJYt4=","Xmam/fmjrRvZ/4plhH1grke1kVKWo9frGnmP4VfBLFI="],"block_size":4096,"path":"static/img/ui-icons_228ef1_256x240.png"},{"block_hashes":["LJHAlaOCCZ83Ld1CNNTYSornvYnw5Z9EdDHn7IbBBXM="],"block_size":4096,"path":"static/js/ajaxdebugger/debugger.js"},{"block_hashes":["aPExShdhm4FVzQZ1L7XYIhfdpfemV5vW230kY2xet2w="],"block_size":4096,"path":"static/js/core/core.js"},{"block_hashes":["6G85BHKbTR5alJbglOkVtEJ6Gb4f/PXnevMLgoN+eiw=","Djprd7AApO0+1TUAH9Szx+QS9ExT6kZVCrofYHSNlUk="],"block_size":4096,"path":"static/js/core/fe-const.js"},{"block_hashes":["Y1MeRNpvz+vPvLUFBjKQG2mFW2znrvOkV/ABhP1r11U=","ra+ZCU4M61TsqNcvFUgYYJt1itSRGGxHj18FY7636dg=","KurW1MqOOu2+lWlgW7GKgmIbkowHQt4tDE3PMtwHxZk=","RWxL05tlS/ugQX2iRY9FANA2gBqhdkNzglq+bVp58lM=","o9Pj2db1UZig5GMzL+oiaFM4HerlPYHJFlAVgDrQRU0=","oCyGpuQWQtDpctCWebGzJ9k47mbIDA7+lQmzMYX+Lgs=","yL0Bwt7+UYkA0vPo6Pm5cSsaoDsrdyWgXrMOdd1wItE=","gV0DA/4onPiigHHP+v6KEjS0aklS3eLEB/Va6X042wI=","Xwgsl9mivYXy3Iy9ebqDrAtja/69+BNIn6ppdHiB3e0=","8RuVriSdhrgzom7Cug/UZD48jrBnLoZLYVaGVV3YeTI=","EMbD8UdwV+QNZDLW7AEZD/UCHlfK23lwgxlaEH43vmY=","0XEHu6qmUMPe7rKdMyHjkWvyWUAefw4ctyhhPZdxzyM=","WNq7HAdBxXuufj22PFF2jShhKEgp1JrfOwnqh3pTyd4=","iZ3xQMtAqrx9zMzDWMiY8Ld1IxkQ4pVYAOkL1UJgTq4=","K8QtywiWBzMwd/R+dUF5gy0Fx4j1yQge3h9uIqtQfFw=","mBBIluCiwIocLutccIYAQJANMALVhOAk3tCmN8J8xoo=","Tkbxt2cqIyu6/Znsdxvx0zF//nPOfwHvaRrOf+g2Hvw=","jE4BJVWFQZ9hx6+MZJ7Vaqv4QzL/oVGWsgZb4OU4Hdo=","HsmSe8rWEEfZ3rmSf6EYIT/CkxhNhat8J9NU7Rpd83Q=","qk+81cqkiMxlF33x7LMBLN1uwm8HrfpBpX84AzAUvok=","/hdR9mONkzfOcM9/z+/WDHN+kCpwHtcHs/1R5kxAIrk="],"block_size":4096,"path":"static/js/core/jquery-1.5.min.js"},{"block_hashes":["DNAEuFwA4/DHaHOPb409BPj8A+nIYJ4ivLkhBe6Kpi0="],"block_size":4096,"path":"static/js/fe-contentscript-fehelper.js"},{"block_hashes":["5C59P3uG6MGnN/bl469ONmPGdLcBDw3FjwR0KCODWZk=","dftdyB+AfOxkkWOXKdtw1uVsfMjig5ksMMRWtuSSj+o=","4XGiNNwU3TbnwidPzJFkZbpEs0RdRz2IrqkZB5fDGUo=","WT9qgriUy0QhB17f1T8jIm5VQh1/kiYwrlwEMbgRz5w="],"block_size":4096,"path":"static/js/mod/mod_background.js"},{"block_hashes":["7KFHpwCIRXNCk3BorwUbioVXMrSQBiJaRpeSgHuWDn0=","X2Yh7on/o2yrM8KoG3Ooccksv5ic9xSfNw6gwI1xj0s=","DBNOocJxIMYNUMMqUlZHnxg+5bShcEvNsmAdQqkk8s0=","I2Yqzelb8bjr3KbjMNsxnwuC2hKFXAIUQ+p/AZwnQxA=","FA3YFMLgGXgW0C0KUOW7q/MtclTHNebKZhVzjLsHb7Q=","yCvIwBNifjKOTkBiNzwy0gAhWyJ/o805cQNFxkiQ5aQ=","3CWIQn3hpm5SYGSp1bwn9JzqgpGAa2w6Y0p6B6kJjmg=","Fei9xCxbwplvgg9k4AUpNj6jbszm/WiC0i6zSH6O+qc=","i5qbDaLKaEAwDujxpU9g2Uv+9Ffn2DukWEAJHVNbMLQ=","gkuvQZStsP70suTxjIPIKHq17I3xm9wg1DmsjXjCyCs=","xPROHsBp+PHGKQ386KeAoxfEJ/nmWTL9WXgPnYbuhd0=","FTmR3MOSqbEfet5eeYBN3OWlItzOLsP1+yeaPps2uG8=","ah2K8/Hd8ltN0A8vG0UcaRxf3ffAI6nSGg/ogiDHvtY=","Eq8SipdEqmIM/4sj06UCbgZWHzH8wGdxipUiT0JLgRU=","O9FJVAqX7kamzYylU3A5spaBoCUlaB+hBxIgKhl45Ac=","q9u1rY+XdQuKDjuwczYjH9Q6SxaCuvl/w+aAmdwIB6k="],"block_size":4096,"path":"static/js/mod/mod_codebeautify.js"},{"block_hashes":["IT0n80tqr6sjIIB8NLOQJ1oJKvfmIlWEBy4fl3UPpnU=","8lvRfg+3I4k8xmEms5cpfbgE6b3ro4TSK+HlFHGiTlA=","+bj3Mk3il8x78YlDNPN2dNzGO7hA1ZpQrv7J5oBDOxw=","PbASeQQjdK2VM7rp/yh7nMquNVZkSndxT2u1bENSn1w=","bPUV6KSVgbaPOElMxALYn3xUOoLaYifHSTk9CPX7Ej8="],"block_size":4096,"path":"static/js/mod/mod_endecode.js"},{"block_hashes":["IT0n80tqr6sjIIB8NLOQJ1oJKvfmIlWEBy4fl3UPpnU=","Xbhsnzbn5eDXlvNzK7J8e3fIGJ7Oja3iMAWjFvuKEBs="],"block_size":4096,"path":"static/js/mod/mod_imagebase64.js"},{"block_hashes":["IT0n80tqr6sjIIB8NLOQJ1oJKvfmIlWEBy4fl3UPpnU=","uIbvl3usZBuIl2TD1A6adKz+wijoKUegt8bJ5423Etw=","OjPY57s1tDfsqLJG0hTPuzzLX7jrPCpH52iphQJ3T3U=","snOBmKf0NMS4VhJcjORZ2CXjSNli+3zjJNwSSlG9zoE=","VHpf/sV8fMdxpIdBHr2eeEPqAn/ICuRoEpnywIy1tw0="],"block_size":4096,"path":"static/js/mod/mod_jsonformat.js"},{"block_hashes":["5C59P3uG6MGnN/bl469ONmPGdLcBDw3FjwR0KCODWZk=","miJaHCip6tTOiyqAjXunszok3f1CIthUCo80Nx7oMm4=","eJ81C5jTwnqf9ZU50IT3GFKXUNZ1PSZsHtvxzS09idw=","qOOHj5LnKDHm/jUWio0wy/QRPcV1uebDukCwSl4WCQg=","jAXCmnMyV1RGoITyO+KenikEZFzr5qwKEosJwdQQvOw=","22EXPUaABpnWrUma3VGamMQnCgV6JBzEn6LrluF6uBE=","a8RPJWWk5SUQWob2+p5CJY3Y6gfpPvr6JzSvzLwyOEY=","U3lF0u7fifIU77pdCzmu2OtbFAaQT5nEeBvDjvMDJ/I=","ixc1UjY6rVPQ2G+wBdUg3BraS65EWybVzcO0/cjhEvY=","UvLkDkaFwouXJOi/ynJeSxloT+93A1f63oaxIpq6VnY=","vAWG1CkDjc4Ggs9fpbBeWhgwc82KDEKZd/wp6hQb4yw=","LdDKI0LL9pq1bXVpEM5BF/WyXoeTa3G7QDiJUhCngU0=","cVghAnXNYjoro26s3FFeHNVTWwrOi57O1b5tWPuWpu4=","6c8adFu1l2nDvKUAlXNcjQHMxQRi87Fnq+Jsh7Yrc/k=","s6rCg1iEL9Ppi3rMzAh5z+MfB7T3Xhn55froBNc8dKU=","f/FKNrBPyfSrErgXfSPdtGEdn8vF+6gwJrDHtt2EgzQ=","LdHb63G48ltwR2bd1x5+ZBkdo+LsDLGnancvGMNo/Ek=","Rnh/MKay4dUtOKnWJ10CEKC4TFt+m+RBsRZfYAxhz5E=","yg8nuoFV3TOX4Yf5y8T0SIlypvZCBzAvGy8ktDEhl6U=","KTtd0/wdBg2Bw4FR2nKePYfaaFWVob89/O2ADxiuke4=","BuCP1czsvfpLWCeQ6cuwgGL/EUqPTlQpF+FsoJs1agE="],"block_size":4096,"path":"static/js/mod/mod_manifest.js"},{"block_hashes":["5C59P3uG6MGnN/bl469ONmPGdLcBDw3FjwR0KCODWZk=","SlzRzdnyAgFJGXk1VShYc0AqjNhYNJ77m+bGBml9gbo="],"block_size":4096,"path":"static/js/mod/mod_options.js"},{"block_hashes":["5C59P3uG6MGnN/bl469ONmPGdLcBDw3FjwR0KCODWZk=","AD2ea6qKoBzAersPYN2py22DnZfg47k3OSO05GhN5CM=","rnIK0Qg7MtkaZUtJ76xHnFcDAa4zRmHGT6SPipb8Vr4="],"block_size":4096,"path":"static/js/mod/mod_popup.js"},{"block_hashes":["IT0n80tqr6sjIIB8NLOQJ1oJKvfmIlWEBy4fl3UPpnU=","8lvRfg+3I4k8xmEms5cpfbgE6b3ro4TSK+HlFHGiTlA=","wWEDrXRJK9YuqJ1s7NyzmXDn1Tmh5CtFBWPU6IhSoC4="],"block_size":4096,"path":"static/js/mod/mod_qrcode.js"},{"block_hashes":["IT0n80tqr6sjIIB8NLOQJ1oJKvfmIlWEBy4fl3UPpnU=","/gD4jcSLC8+1B3pd7Oeq0wv3BMU0f4yp0Hv2bsjlaBY=","cTfWOH+bD8Z0rCz/dIjZErcdEtqFyC95aPmAmQLzMEc="],"block_size":4096,"path":"static/js/mod/mod_regexp.js"},{"block_hashes":["Oz8uBF9m+AMvLAoMtloHtlrr9MFfN08hkayq/ACweEA="],"block_size":4096,"path":"static/js/qrcode/jquery.colorpicker.js"},{"block_hashes":["+Er+mvLLOLckbjYoNugkinv4z0t/6L7qiueEdVNQLK4=","6IE0pzeX3xBn662CNs6Io2HwbEOXXg0SmRC2DsOTS04=","O3YWfZ6rbOBTBYRGYnwPMHY7N9MhG5rmxsz5YWIte30=","VGO7Cp8l6I6i6jQlMrh4g6SIJjrHxn1JQHTw5JxsIJI=","Mfc0P+jy1Klw99qxgPVMG6VZ1e2zwB5NbcI/ia8+gJs=","g1JcavGAdSE5I4vA+/S16Z1GA/9obL+I91pm3AIA04o="],"block_size":4096,"path":"static/js/qrcode/jquery.qrcode.min.js"},{"block_hashes":["ueRdyzt9UgZWwfihKNGBYMjK6NtIdV6jiNTAmnO2l60="],"block_size":4096,"path":"static/js/timestamp/timestamp.js"},{"block_hashes":["gvYU66RQvAzso8Odv7JbrTU0u8U77ODKs8C0c5m7h5k="],"block_size":4096,"path":"static/js/wpo/fe-wpo.js"},{"block_hashes":["oqb2cl94NhoCmRwwObmq6eKMM4Q1rV/nbIQGBuZgtvM=","ZDssuZoBWGPofXH+iIVeD80ENJ/sHeULa5lOKuRvHcY=","YO0IpnbwWhMAOCvgRzD16pCOPem91rBMpM3YhP2EfAI=","7YKu6Y3WVAIscY0hRB0p8SxFxeN495ZAJygx9jOwQwY=","arY/DY2M32rcMCUB9mwgattdPbMqVfRczqTDCubSAnY=","L/V+Wz+cJgLUG7x4O5Fb4rh0bNx1PF8FAksuS9LSumQ=","9phr+no5hJz7JXPx8mw2E46S7JglFIbW1b7/eevWNLY=","FfNR+ukeQXUwmfHAlYoJ5EI7qkz5XNu3U8Z443nM9+c=","lsJI84u2p1hdSCLxhkZrDVgJLXEif2wkPpVgGivTTVg=","ABqZV9J/2ErMeyXM1t4Gl/LadP/DUwY2gIDiGtYZ2YA=","l6sUrWCL+UNT6o2rn3YJPceTe9s6A7xQ58pIULLtF3A=","bRVVTKLWJT6Iz50fSNGEoXcjNQkfpP2D10VizhC8TjQ=","zA5DtLndQU0qS8hE1tmCW8jr++UVWMJcaCspYtOJEkU=","JexF1k/liPIAhbRnF7+y4+r0ypNBjbQhpUk8TKOsqmA=","OEpBuWQjvPGFDOqCxVsc1MZ/m9jS9oN+FW51ZoVxB1E=","fDIgAWv06VJI/DKga1wfwbrOJ0S4T5A+ngWD8p1mx4E=","g867Hfs9QR6OnnVL2LRcaHWoej0pk5CMICTIyy3CWSc=","0omoM01QFLMISwsj4KhvL5IWcgCQtkaWVxLKcXyBpHw="],"block_size":4096,"path":"static/vendor/jquery-ui-1.8/jquery-ui.hot.css"},{"block_hashes":["kVOj4htqAxU6vMcegcMPvLWgaTphms3waa1f1iBpKCw=","yczgDwjXyz+wVJN0fE1uYcMZBPk5aVLpfgGV34xbcns=","lUVDeJvi4UCjAJRkhWpBhc/tbufje9zHpOGXVPGx0jA=","BOUnmqHqj6NiJqkjmLDXHHK01mT8ghfuHgxdWHFuMvM=","GmJ4E4B3JfVuFVBiEZFOBom0Pc+1Stt395cpiH/fY6M=","JBgExV7+AyMuPOdguC9yEuxTj4rqOzVINN8HEytegKk=","SYsq2WH87mVZoootCMTzdPWP86CLMUF6ggrmq8nKIF4=","8x6jLZi/urKojh2mekgUUKbj4h5kY7ItFZ6IMNVBksQ=","aOFt820avMZoJGA69fUezynMIFZVnFqeldX3rRi3WTk=","HKzYW3TiqHA8ED2kmSRtkOY7NuhxdnSuV68Q8nnKLLE=","dSfICTaYd57oEhdiujpu1AvS+nT9SipXcAvy2XKURfM=","EmHo/igS+2VfWHMRwIPCEWy8fbdCZIp5BDXIzrQQc3A=","4xQDUot+u1iDdNs4yW8WsSXR10PPrWjSNHp6ZBShHec=","ZslPkLrQYKgjGvG+0wYXH6+AWyM52Bmx+0ct+8NnhI4=","iDzfs+Ll7svpRcKxc/B4BJaeh4OWsM9/0v2RDdWKMzA=","F9qGKzHROIm3cVxXAGgGzpLyBt1a3BcFbALV0SDLAw0=","uSW+T6zi4jwqu4Pa6YPmY5SfykZ2TuZ/bbuo7zevZCY=","twohzWuxWboUrlLZv0m5FWhl0X1h2/4zvmzhQTURr6k=","a8zUaQx4PE7quaxGuuSAeEWjwGdhefqwLPOnS8sZgMo=","pHTX+MCCjPMGUjRXefc2wxZO53XBBRJWCYU5UBQfHzE=","9R93Gbk9RWeQB9KK47zR+fx8gxoqsUeKth7caL4Fl3o=","AwREA50tCB5U5ZYWXXL2Cfr0rhH0JfP993ysy0iKQjY=","jTzYLaY6KT4ctGv1O8BYe1RPvE0vHxI1AQRfm1GUqFo=","EQY8pa7ZDDs46OU2IL+z7+EIcE113Cx2qVnpFgF6SDs=","AAPCecc/90ZtminOOG/vqJ2g+Ynn0dghL5+ISV5htFY=","1lK9t2VEtCSGyPOOjIr6p0hOXjUs2yBQdUpiNB7CwgY=","iHBOqzhULBpUdhN5+/jVP18x7FLgjnZsLR2OhPWuGjo=","fh9gWZYuZlu5kOgmZLskEhYqTcQ7DdpXA9cWgFnYzGA=","ECyfnxwrZiMWHf/Sm20ldLTAfyCESA6n2fc1fyHjagM=","ty6xhCNHZ1XMCvH9W7pDslucv0ykss+uic7wkPE3zEY=","hZoSeKVZMn+bUOWJan7V2BLfzAOhiR8It7Ye1RYM3jw=","EpINDftkWsQAxdAD16GKRzMWKWg1txqjIWUJ/gdw5KU=","RNoKYdpy7M3wWrL/vFnKjAISoKestumOlDY3ZJ8vLiA=","gYI5wl2pNeeJYeDagDjdTuLv3IfAe7tbh2IYPUxaFJg=","U0UZR233FzfWS0/HojbkaIZN9lkzTbF9V+AVEaP8wG8=","/KexAJacXpwOtBI/glaQK4DLJICiDd2pbcwgmYwghCI=","0Fzw0DnKSjpBtjY2FX2YRZ8Dkg2mdUDnjy87+6OLUno=","GdHddioaemyV8Ps5Z4mP3dJRlxTSXKbtW27jBcT0RyQ=","i3EJhLHoMWYJeRgacaejtT9b/mWnDp0LYLHt07pEnxU=","/3IMiiIqKdn6uT+XgmRLG74gzPisRn3EdukocUb4ncU=","Y5OOlrONqKr1zqXCvq0PnOTSYXwkLh0Sj7J9AnJL3K8=","yL6ZnSVb0/afjVit2HFwEzazdUrbnadNHx9ji6hfhiA=","6y5hiupvhXiE7F8gcZB9Jg7sRb1LnLYe5wF6UJqD9kE=","ey4KuRRJ+RQvPnlR7QKSWpqN5IUvVXOVaz0tOSMp7tQ=","ILW1s0/JpjKGx76Ws6pM4RcWQdZytqXBdg/U8DupmeA=","EPoVNRey570IvLA7oLWlmjQM/RGUJbazCGDcjTtrxyg=","xoYCEVzYSLDUkj35WH+xTgbx+tBkcIZJdzH5FLqsTTI=","ffwZ+g34F95W39FUz7wH6wdPNApPKcBVyEwq12jiPU8=","o35e/jXj3plfhPRP0EM8wj//SHoYOG7NXvuFEAMOYVU="],"block_size":4096,"path":"static/vendor/jquery-ui-1.8/jquery-ui.min.js"},{"block_hashes":["p5aTR0MZozfCw3nwduBE7WJMX15UoqfsWYQG/cUlAFI=","Cf27jZWZYjCbNtzZhoBpr2F6Kwof14M2677bfBOx77E="],"block_size":4096,"path":"static/vendor/syntaxhighlighter/shBrushCss.js"},{"block_hashes":["mWs+Ps6dH1J8cKe9Hq43yPU7TdohROL+nL8QqYmCunY="],"block_size":4096,"path":"static/vendor/syntaxhighlighter/shBrushJScript.js"},{"block_hashes":["Qr8smUwPVchOqQyM9lBFzZW1lgt03xIQFl54I1ufqEU="],"block_size":4096,"path":"static/vendor/syntaxhighlighter/shBrushSql.js"},{"block_hashes":["cU3LG5Lb+hWKttbMTtVf7vtiw9iWYU6Kxs+R5cBz3nw="],"block_size":4096,"path":"static/vendor/syntaxhighlighter/shBrushXml.js"},{"block_hashes":["2BHjA3EfsQAwOGOuF0gC53d6Sku5TUiAnn6F581K8Q4=","vRZAFIvXGNxXi3JuEU7SeG3cC7QKW3aDfTz4YL4UpXg=","NdPcMWZXMAxHC4YJGiR2+Cn74WZ8BtlJw8MSIClMYqk=","MEHrbsEetXHk8vkiZ9Km+LETAqzMKmUe02hMiVAzCG8="],"block_size":4096,"path":"static/vendor/syntaxhighlighter/shCore.js"},{"block_hashes":["ovJ11xWCjSK1mNK2qk4HESGgoFG7Ba7dEFy5NPP01A0="],"block_size":4096,"path":"template/fehelper_ajaxdebugger.html"},{"block_hashes":["kAwaLufnZ2MjvjWVq5uvU7ohwCcXbn5WkyzyFhWY1lM="],"block_size":4096,"path":"template/fehelper_codebeautify.html"},{"block_hashes":["G6Z1TAvCzi7F8OMLH4/fKtyGNZ439P7ptNG/bVhN3MI="],"block_size":4096,"path":"template/fehelper_endecode.html"},{"block_hashes":["pTqVP4yxu9RPOq9bh+TUI8HAQCImPe+EoUVzOayNwxw="],"block_size":4096,"path":"template/fehelper_imagebase64.html"},{"block_hashes":["LLuA5vUhgxKGOyACSrnbs3Rm8a+sUy2qeVVuLtwLvuE="],"block_size":4096,"path":"template/fehelper_jsonformat.html"},{"block_hashes":["pSwv9F7eO7jhlGUGv8RO0iRwSjV72ABBccvlm9r8Mxk="],"block_size":4096,"path":"template/fehelper_options.html"},{"block_hashes":["NYFnUbaJxyUN2HgwdPXx14EeLzQoizjmEnN9Ze619xk="],"block_size":4096,"path":"template/fehelper_popup.html"},{"block_hashes":["EJbztV9wVZpceWvPbALsxKwLP2aWFqQOfCXSyxH86y8="],"block_size":4096,"path":"template/fehelper_qrcode.html"},{"block_hashes":["dY0acEs2dq1as7D3kGqQI/SCDxoiZ08g3qCoWEuMEx4=","sNIv7HR4bpOjWyMCl3qkw7kkQUfxkgs9giQzBSYvkO4="],"block_size":4096,"path":"template/fehelper_regexp.html"},{"block_hashes":["l4qqLwao0P7hCJcYXdUHJn5uSeaaCJP73IsVIzAbLdY="],"block_size":4096,"path":"template/fehelper_timestamp.html"},{"block_hashes":["g2KalyL3rE8rbOjTA3mLEh8RT23T8cHAwW0Rhl1ykRQ="],"block_size":4096,"path":"template/fehelper_wpo.html"}],"version":2}