{"file_hashes":[{"block_hashes":["9Z3Qg17lRO3vCg0ynf7PPGBP0zT369ghSocp37guTZI=","HlXZ0/6YKMZmTG9mfTle/1PYYtF0ACEcuSpy2OYvYLg=","8UXSgu3Xuzrj6H3jQu84MRyOsVaTf3Swc6E1hkadcmE=","hmEAYO0tJahlT/P6rc4uLiKEqw9nMeHju97a0+UKoe0=","aUdTRexUHIxQT8AtLoqzBlMVuv4Tjknxmz4FQSvyzlU=","GjSytfbaQfhSPYJCpKmfWVf4Hlgyce0i00G9e3h0tiI=","nwo0vkcIY1KgoTkGJXdF17oCCxoFUk5bTNllpb78kGU=","dZCZx+Zzl5FNQSbqo5LYPja+fCzRR/YC7DuKi54lFCw=","xCogBNvTTPATvDtUvGSjuUYE3YdPEDHn3esiD1ceQK4=","3rYLlegluOfPYHiEKrvBYNziSjZXVmDew4xbTXxTi30=","zNN102Ks9liBXE75Y8ZZoLxU5BLIXWGoe80Q8d1ifyc=","kO+YKk/+QitnioBvvAVRhEW4KRlREMip83LAqH0ZHKg=","WUZRtnkBL4P1rNkx7iaLNktXQpZZpeEJxcVydT/+GRU=","RHXr9lulqsFpQBSuF2T2zE2NgW46QMwlGdxtIHL+/YY="],"block_size":4096,"path":"build/backend.js"},{"block_hashes":["f+k6yfA24HjiTiT30jyC/d0zqsXWjsSMbszJO0YnsYE=","eW354eZ4yW48ulUofEAkMbHm/hMqoUrd+6HVKkithvc="],"block_size":4096,"path":"build/background.js"},{"block_hashes":["otE65gVm9zOVyp1Gcp9lecd5hRkYvV3LQF2u0emp46o="],"block_size":4096,"path":"build/detector.js"},{"block_hashes":["wgRCX4w5rIYEclfX6xTsRQlaVa9QwDFxHmYVAYHNfxU="],"block_size":4096,"path":"build/devtools-background.js"},{"block_hashes":["HRFYrCqRBQFmXo/D1DonYpbsvQcbVy/gjf3Yh5pCg1g=","UjLks3UXZtSMS++EdxzUz6J9ghTszUVKXKW+Gy6Bfz0=","nXo8IJYDg7hAEMFKKVcFDnnka8r8/rxvOcYbkdfptjs=","IrAX8WGd+G66BG2IPvGd8NPpAS0HjK5c7lb3D3cmfdE=","EBqRNurC7gbBL4e0KFvKp8kNkI3mK5NhOJ6S9iIAjF4=","nKcn6IoK3UNl2x83/s7ZhHiuWTyYQ2/MGK/ru4ZibmI=","mQ22ezuWnEc7k8klCuMJ1/H4rHfforagpUAJkUMm3gY=","Cs9owi0ygEBwlyl3Ys6pbxVtnbvGrlJDvh/7r07NKbo=","yIwNxTL1eJTmksTd5YsnkAIIagEy1C2TIWTg00elgLQ=","zWcfugO6xMR8yHb9CDUUxhzpacwdlCKUUfDE918u3Fs=","FSok5JlXlJjxCYhWcYpic4VihbtUeaNWWDd2x7WHn8M=","hbL5tPhjYao3ibbXqaqlpePsjS9mT+aKbpDia+sQdhU=","F7rqFhd0ugiGs5ob1RIggOsanSPrFYpQpeJfvxVmd18=","VbMxG2YIRGQxyLjVhiXx8GkmN6UIwRO5Zdbs3GfnyHY=","yTZ18QzVXfrX6IU7CKHprK4fh+TIlwTQxPOoTZDFhHI=","+SWcIPWEYrknkEviX8xk7vWhIL7XWAs/7V0fzTtIvwM=","TXgUIvNjUeURMZCFhJXY4tLNV9FsftitIDql5G3We7Y=","85ETDOkQYnV/UEblW8gH9sPN0KX4x4h3mkgHVu3BIvg=","GWlvWClrlMwmtnP2nG4DmszlevzQVDlzXgtU4wM4Jb8=","3y6EAKSfj1vliWcYy+1wvEDPrv4k3ndb3jCZLLLHPKo=","23fQzkyOgPGErwzD5z71ujWzbyRHqGO3CXdzfnrbVe8=","J5yO7/+K0r4uvx7L3dS/3IZdPSPdbDBwWu8J+spqmOU=","5J1CocgbIePyo2bGbrEIQhz/SKPjHa9Y2c0uXhHcpO8=","/pg2H00GJfRRvxCI0BomoYr8icl15FUe5nEvto9H0Ds=","DT985uhL5rUg0B//vIRYLATWnqsP55x43RIQACVL3wM=","urIfRVWLPdE1qXBrskFc/WbjOajqrCKsOlGRHbl2toU=","PbCGitmuDTT+bi+LeiZDMiI0Bwo0IGF86uC2Tyx1ki4=","anvz4YgVQYdOs0ZPJLQ9Td/+Wh2pJGTpZcWRWcFaOqo=","KHORM4+T6tRMjz0SnXFVC+iLdgewOsa87dZ6NFO6b0Y=","GUzbbClEvAVRlkkAVHwn+j61SXH+qMePvyFdFA0GO5E=","pVibIeHN9Nv2WcNvhif4dFWfoowXpN3ORCRdpaptIf0=","MxwUTJr1o+vKhRoFExuxRaVsgJ4RdKPYl61ZP4rwwaw=","uIQpTWaZBXJweNQ3Kx3kVse3Px5iMMV/ly4YhLjksX8=","RuFgleg/mEuZeITJALepJEF8upsI7+mDY81Q0WkuV+E=","kXEn88OHmCN8kHQymrKvNagqCgrWJeau+4DArxUZu1g=","QLOhg8F1C+6lPlXMTJFWzrjIAu2E0Eyut8cC1na6fHE=","eon5lKoN/RTg4Aj6qka/qCaknUs02cNcJZ8uKdg4Pvo=","x6LTEU8PDoYCKMf1N1lo4YODuFTZ9F8QbHDMOeFKqi8=","+XBmHCMM65EehYjBELAQ5wuKMaZ/ql/IClggpU5bdZI=","MAty1mg5GPdvP4LpfquzyxEqRnOg/2u5JETYfQAHKgA=","4FL7Ixre7wXwJ/zXS8EDOyv1R1NHc58hCevcEB8E3pU=","qNlOxpC9wadx8Ik8G3md0BrXiz066sSV44U9JXlDY+o=","S+JU17rn4Vkqq73ZH6NUtdt47XXtFW6CuBQ1uXrhwX8=","lqkznll4mIpiGaHTEsCY4RNqwWpP/W6mfhqzdV4iOv8=","SuEEyPJ1EJVH4YD7kIj9X8lGsojStZb5lnf0aAJ2CMI=","kwhIbQ9LnrVy/MUIiZTNVP+IIleISg6woLLnrTACKpY=","RXBhksi2MRFiKBKg+EPciqH4ok5thwYaa7/fDqXEcTA=","+ppVTca4zNE3hfWWTMXr2e5mphijkaBt54wAYQaku+c=","I1MZ8s8jHFzjutnmyuiLhIko6UF/qG7dvaSAFqyilHc=","/qI36d3+9g31/7i3u7CcpfdII60dpN8+C/fmVansLIw=","44HFi5h53HLGf2dqLtg/9E99ea6xZUUJ2fKg12Qizi8=","8+P54rSlB1h1KN9qPXlCY2yMnoos8d9Blbkih922UY0=","yPHMBYhhhoGEPvhJZDOd1m21WJR34ZjLUON9nbQchuQ=","K2TFzipMBWclWemeYYr68KVuGnKNSWdptRbBnZOOXs8=","KSoSoTr1HtWHN1T8oS/eQhVGM2tRW1jWrHNbB6h8iOw=","fpm3umQKb0mZpmfVuZ2p8iVbqj9ugeaXQeJvyXdGA0U=","7AfEJ+haBVI2T7jdfYIXygo0q7NbUC7Ae+hohzi7yIk=","jHYpF6joqmH1IVGIziVvkCz7oYhs7db5J5WoVft8UiM=","9IIxby+30gxU2OjdUXDUPS5tWPNcAk9IScKfTnCMvGY=","VnEZt+8SNaXI9Y/G375nQ2waoDE750M1hiu3iFd1PwU=","OVFWVYmber9I9sStCKzvkuO3x3cGBJL0eBLn/C0fJsA=","VY8puD5S+mOJiZDqZW2bZvUJoHi36U5LQWJPsbBd94w=","KVEmhZszDyhSb1tLwt8nyxgFjJ44cCdY4RImx3kdRVg=","3YtwrHot3rq9OLYGxfI/ToDEknFdbW78MSg9rDxw+N8=","oxAHuFbem2/0V0CajDK3cTF4YRYjdn3jUYyap29yrY0=","RG0abcZXr4ViT6K4EgPA6zwTcfRTsLGQ1cP6CawmNEw=","OHlAaTSPws+fnAgYJkGQ5OOyYNMTOnz+DHhM1lezQKQ=","adlMnCWBOsSjPi+Cmbt6bVr6v841FIN7kBZPs05Yofo=","KHPzjej5UDpqHOqWPAJq5VZHrZddnba1/dEC0TbIrhA=","DaGZO6gyr4Kozx+iDgghcdyXhd7FbORJJdr14wB38Og=","KsQ6qA2vRouuBlV4UlVfROFVnnbImnhg53falcw/6CI=","uqIvFe+OPksuZ3RGxPhT7BTYSelP6x1/1nlwjyqtnbU=","McecAdYc3624bRLYDOvstbzmraZRH9cyeOWp0xAaZ60=","wH0xOdmy9fysqil74Wrwn8PH6w5QPitJmt8yBNuQT2A=","nCnGHq4u1EgZDWvpRkl0L8aPvTLpFn29i6ur5Inn9fU=","dvI1uRoI9zFlsuvpvZU+p93SQg4d4wiuHgNenMuAl5s=","rZnfRCZsEM7FUzeB2xRJngwtjOfDNfhyARiabk+dO90=","JU/HBQvDVZglTs8BNMK5t3zrcW0kAJiTyytfeUc9PfA=","TsCfaNTFyWnynsq/4raCdsfNVEaf2CRzXAiWVUVIEjU=","BTYe8bYYNm/HtHXwBjddUh/rHC4pko8oXPM3TNCe21Q=","TNtixfLkcA1I5EfNx8mf0uI7CGkm9gQ8RsKaD+lATyw=","D9b/q3K6FlbFvGLL8PG8NOwum0qtzYrR7HPIHS2b+7s=","Vf8LEantC5kF74jd18mviF7CH9DUzTlGwwBfh/EQTAw=","cP1lmbJQR9Aqy1EO2X7fCPXpqvXzkSAuSIXKepEu4Es=","I4b8jL2Pz73Lqe4TKX5PLfcIP7w/4EEaDnFJcOM7AOI=","hHRNSNdAH/G7Hq4g5IRSvAoiTBlUEH9bcpqMItUUlqM=","BkKWJXr/Y4JPu9y1DoBLM8IhhWAkNyvLTvjzWE8qX98=","4rRij78hju+bSQ826abz/PXcxQMhlJrQ+d9H8hA3wks=","40U24D5KVIY4vJKwqqwhxpK3/A9N20lb0AxaGlH9Dtg=","drOalikiIr1VNTI6LSSOFjdxZsnrTg7cX8SABC4iZYk=","A/CvV7A++OGJyq+RYm8TUY49pUTsbRZqLULFVj14r1Q=","5hSRe0BOz8mcI4uJivh/HjPDO3UT0hsITxHB6DCG5d4=","DYXFU8aqox7oVRQnZRgj7FPrYFY9wfrQVZ3aE9qN9KA=","4DHA08PgH78s9mhuRR5xpuHJkMU7KSbYzXgoP3XeQ24=","VspedKXIT6bjJ7SOdoMYXQgZLVTm8je750c9NzVwC5A=","Bu5mIYU9FJ6Lp4K407n3zXusTpdcH/fxpE8DsV9sZsY=","r3F4WT9z9VqR3h8cvqOkp6atFjcCxLlozLs5f9JLmkE=","1xEsyykKwghXbHeQ8Ya1Ek77qw1fxAyqLh/WcsS9FHk=","/wPb91MlHp9SiotZwghnjcxhXsuBgc9wd5CSwPiHfI0=","WF4mIHkANQCMIVi0Xwun78Xd8iTd/+uJsijM+0efrZ8=","d/5BMPbyrqfZjhkJWk5S3Fy+xy22FqKRHViAiwfDQZk=","HVWyvI7ywpqSnSqXTXbhKlEG3CxJFLBPgeec5aVVh+M=","qZeZAqzvWSqDn25hSDF+Xkyv784HGvQw/Nr9J6lYKBE=","k3kGjKNeQPbOcXP1c7Mgn8WLIvwtxghuGTMyB1bV3kw=","5pQ5jtPi4KZu53ShlVrN80PdAuFeiigiNFEBF9NAPF4=","yfnuRX5qJyDX1qaY7FAYYlY6l672IKDnYDKUj+4OhxE=","MqxlqIZlPDbOE+meejdbgDlBoTY7oZKGPrzfsoUg/KA=","LzMz8cbXcI4wtC/3UNRDXu6MeGUWM8cFS7/TJig3Odw=","J21FH5hmQg5UgJXZXFADz8Cd7C0MBzYO+AD63BtTvF0=","k1XtBfKNKQ8J1k0DFT+HbtTMSnW9qAae86cSjKA8OGQ=","xghfDkhdyj/XLhcxeLAvkAw+8evB/fGcOWpSA/5h06s=","1fKWBMeVY6Xw/jiANXLPMu776l4DzNkOyNXcKve9lfE=","G89znOqVUNZHnqs1RelaV7kRuDculHb2ntwQO9JFpBM=","plmOl3RgW/zuCf3Lhe6dIyyLLL/uhdzdLnUzJo/YiH4=","ls77pDxYf8aHLFkkjpu3h3LnfuI8TCwdrWfAwfA/VZI=","sIjsgSzJiSWqLIpdVccmmM8K5iG8fZ3T4SFTVim375g=","v6mZPjZ3dJ/fLzsX/Q4jxAW4089GWumfTVckC5TAsqI=","17gUs189qXqzjDeOItf2Ja3cRTWdKJRTGl9i4oBnZyY=","TDejXv52dWMia3r6dOebzjlt2uFWJg6jjps+77rHtK8=","Xkw4BHgcJfjYLT7HE0a6w5j86xzvTpINGZSuhyX4oDw=","pZPRjpk1raXYZpeDQDveSQj/tdLqZ5oHxqZcS5103uY=","AzQjuOSGH24x7/EadEAfzc+LEw0Yp328VW0lZOiHYhI=","YbVlku3IFuBzmtZI7ygEHDcJpSZh1lK2caoZRBN5wXk=","F+JzYV3WMQAH94otD1X7zTqyGG/qvOLRX8bQpJ8xuUI=","YuFeC8wVaSiKvlro4bjG/NFuQCcFcQ6dMNOEf3x2qmA=","7cFdR5lAGGbKAyVDy4FObqs1cKsXM2O4IIyCY+z4CgM=","WYlCXe0jSTI3o0WfbEYfjH2RGpsGBPFB8OttkbJ/owY=","L0aLgybsyUgVgb00LGkjJlWEP+5S1kDtmuAlGduQ4dk=","2RS+5Rsw3Cl6BolXxerGZOjBu+dbTCKwpyKXnJu1wa0=","eZf8ioaQ4CSx8WOHDpOP8kkzBLhD8P9SL3M2o+y2UDA=","JTQA3VLQ3sVMIhng1doTniuDe7Z7FKySrLPSepQxV/g=","KwF2Hh788kFkWR8BOUEdTvfnAmAiOimtiFR0X1KMxVQ=","AoF41W2d72aD3hAul/mzOOFHW/QFLE5sgoXmQaUSa4o=","MQ+kJuLGQIQBIi1j+EnX0ON9glVNmt+WHjGD/v5TSJw=","vUA+wTztk8uOP69puwWKSWSbfp0Uf1UNftmmHmlRJ6E=","HN6/YKVAe791lEXqRr1megx59BOlTY5KA8aY1MOdTgw=","6jS2TX/eTTecdoIRtlyk1n5ACwXdE7O9Q+b1x1b/ybA=","fW653Pz4Eh8sYPllFwF4oTtlJg6jxmWankLm2ty8wXI=","0p0zlJ6xlSvGZ+gbM5rnbussjOF+H+CeKmuM0HFsau4=","htxaHsnUSqsmP3fmq6mdSA2kdKVspPune/BnDjaQlIM=","gF9wtIS/qFBaQP3iyImo7rWoQCtD6WHMF9/1AvFDVfg="],"block_size":4096,"path":"build/devtools.js"},{"block_hashes":["FRoyCo9bV+L+f//2q1OZR9zBFYNYSiVb+rKxcfpt8CU=","b7cz1IyKc163p+yU/lfJcBr7lo07KKsVP/YrnM3pCUM="],"block_size":4096,"path":"build/hook.js"},{"block_hashes":["cR/jWNvBCojilVapcWw59NecUUpz1wFkLh8LgNIcfbY="],"block_size":4096,"path":"build/proxy.js"},{"block_hashes":["6s2BPAFo79KIymC5B1ATmPgTpPrkPembG2uBocDSb8c="],"block_size":4096,"path":"devtools-background.html"},{"block_hashes":["Vvq6Q34gxYDrFV2/qlEONBZuyWUUyjQKDzKMFWY6EK0="],"block_size":4096,"path":"devtools.html"},{"block_hashes":["Wvt3+c3SIUvKH4ZR6EHxfmYjMyhDTy1FqE2W/Uxkl7U="],"block_size":4096,"path":"popups/disabled.html"},{"block_hashes":["dSZGQt8RnKDvKQoGnrtIIMYhqDMt8WQXRexNaVbuz2I="],"block_size":4096,"path":"popups/enabled.html"},{"block_hashes":["ZuikoC3fPaEsmpPUZLCUjIdQ4Gnxv+R31TUc802ZsmM="],"block_size":4096,"path":"popups/not-found.html"}],"version":2}