{"file_hashes":[{"block_hashes":["EEswebHgO29Qy+S0VcpKgP7KsvglqNRIknOZArbzJa8=","1Azze6y7WDTgQzvWxbYslUQ3aIO4ZRXwMBKw4GSx+wY=","bG1Zv0SrEGjtiz9bz9Y16ceV8O10di/KW7e86Poh/7I=","B7C50ufyEeC6G2GrAyqqinRpjERw8IVexHb4aOAbMkM=","WgeWSbwRgtnI4iEyc8uddOBFN2V2uzvNK9ERO+2Xhb0=","fCBWqhHtNKanCVBMK31vUIZl/YuPEYWfO5yOjcVxsrU=","XVlfhfyYEzDBGh0O39NZ23MOcf7FAjflyYFdIvTFtjs=","CsfZmzCQ67z0mR4cguYRQOqBy2oNzUOg0CZlzZ0fmrI=","s3dzuSQh1aI9CORE2eJOaJ/Rs4Sw5LsKEvk2z/suRmU=","eD05Lgc22K6MR/tEieyhRziFRh4eSY7GJIdpkD1ae2c=","0CB/cv8+DZN2JoDtvMphPxGWYy3VxWvLcBNjxvVHSFM=","2m4aI5lgnibYJtnkrkMLipK5t+kZ0HlPeQTljEUIKns=","fgznk40ejhGgWmoibdMFYRK0MjRb2A/gqFeyMymOC7M=","ApRwKw8mknBJmR3FDAqsErpIKDBlwrcecNq0pDI5IQw="],"block_size":4096,"path":"CHANGELOG.txt"},{"block_hashes":["USlXNUWDBBVG6JX+Zn6AP1smrDJVDenDNPVytwOmHUE=","zj3XRC8eLJ7a508t1izmbb2GHRNSdbEs2u85lFd+KG8=","OVrzI/adAgqpnYbKl+1DY/is4s+aJxkxJJS9eRQsn24=","LmPHMlTuXk4S9i5Ocsjq7fnRC76h+5OqeA4kwcP1U4k=","2AWwUZTEaxj8+DJK/Qibpbi71In8gZodVw8nSyvqpc4=","nsO5CHILhjKnng8XLnIVFFo2uAWuxkys/Y5hqPmubUs=","uXWjvVsPhRaM+Uav0xpge7ysYptYAmIfHMD7YD2pOVQ=","C+vtqCQg2YbfORQDCsXRmj5kC2KKSEHdIeOcMwMvIH8=","GILP9fLN0fWR7giOZw5edWQZ6QFe7HNa1UZGQZeX+c8="],"block_size":4096,"path":"LICENSE"},{"block_hashes":["Sg4XvuUr/LFJKF65hykFb2vDVdB1esANJiQFipcNvL4=","PzoILvewR5iTfcWSmgkeNpyK8M0ASskLL01vsnS+x9k=","qv3zbc0UTSdYZMZl0eCgJrgONoOL/jWgI6wBZS/DeLg="],"block_size":4096,"path":"adblock-adpsubscriptionadapter.js"},{"block_hashes":["9wZkl6R9d3TVozJXXHOKc9X+HGnhxbzi6yhsJBxzYDk=","x/geXolbz272ONq5TQgPCV40EWM+sU9PFn8+3OSCYCk=","g4yTwsWgx4/+h9s/poLBkBIfS58fJlOV3dDHXVqpz4Y=","xOv0pIfUlrSseR17ig/C2sS4owOs2yDstJrSXX9Hhqo="],"block_size":4096,"path":"adblock-adreport.html"},{"block_hashes":["BY0+5aoqN2VULFluAb0UByV73fHJjhMrB3VpiNOBpKo=","i8AAr6YteDoLhQ+GrvTPnTLmYMyn859NlbeuqyWZ+kY=","wzz222rRt+NZvXjs0w0/Wm9TTTNegDZzYaFvPRZUqUU=","K5HQtydS1+Cs5jCSed/7wIfnCzElFv6ikjMRbQyxGxU=","uH3u1yNLHTbEJkJhUjJbTBHg+JOeTQaIw3UvNqaHiiY=","iueIrJNV3azqRIr5+v1bCAg3n7nShq96jvqJ4T/owT8=","fdZ2HxD88ybV2Cvocqd9xYv7gubxt/foL6fsHPV/JGk="],"block_size":4096,"path":"adblock-adreport.js"},{"block_hashes":["mafe0ubRdgLAuQgMorLkDx/VxaBJPcCaCytwzP5L4Xg=","qZdWw7XmIhdpfyYAkh1hGQ5cezYrakYa7ag77f3gjQ8=","uYqdxSsZonYkK5UJZtqHicUlzY3hf25AAJHhZq0PdaM=","6Z8E1AZydEOFVWesfvxvj3SDJui6vPrOSglhhRbVE+o=","bWPGpypfN0yhsCHjNRGfGq/FTo7CtTgFwZRupDx72DQ=","6lBx7t/HRPje92DpL91qxTz7/MqFNwIkGmnk/ANJ9BY=","BsoopBaL0uA9TaoVS7CI2n6lUxpIYE0/8UNezf32Wa0="],"block_size":4096,"path":"adblock-background.js"},{"block_hashes":["1IEY/w/YWtYBDmHGkHYfrM4UTDo4CcV/DzfkSUHIjdk=","XpSoBSeC5iEcjyvNUcxA2q0z8rmV8ktUDQJh7uj/fZ4=","nXJynmBIyz01w3MQn5C9rEfeD2TuluN3D8eWSDu101Y=","xfz7t5Mwn+zEAiWgH/TPguoZZtsrEipCBqS0tipenmI=","CWzCMwzHBKoEgADKUuJo4IlPzV2n2k4nMnHdOVghINk=","tJGCmkG0gXAKM7vJy4gmIvNTmuuLsPfNpqveA4UNThs=","0V4eGJdLhGshqOhir+NGdvN1Gk/0tf6Jw7UWkhovHKM=","NjKMK/33qt6fZiPCK3oprgKbcHEajRG5NnUi5r55YZk="],"block_size":4096,"path":"adblock-bandaids.js"},{"block_hashes":["ZyLlnFqp9BPN0ru7RklNjcR2iCCtXxW0AaYiKMZOgpc="],"block_size":4096,"path":"adblock-button-popup.css"},{"block_hashes":["GCFpHohsC7M8+g0YkglNqQhaS/E1bRcy3YTUKKgy5m4="],"block_size":4096,"path":"adblock-button-popup.html"},{"block_hashes":["kdreTdgVJ83G64zLk9/jc4JNytvNYL553Ro5XAvoiUo=","YiGQT6IYO6itfzL0NORctT8Pi+/0xZ6HHxkDKH8ClsE=","jyr9Mr5nyzCC/9K7a7MizmGaCIlNLyOr57bg3VC9CBI="],"block_size":4096,"path":"adblock-button-popup.js"},{"block_hashes":["xpM7hrZfmoJq04AD4qErTIcQHHoHz+jjH0H3gc/GrTA=","H0bjL1k4aMweYOEKA42GtSvMsMuM4YetuiREcnzyKYo="],"block_size":4096,"path":"adblock-contextmenus.js"},{"block_hashes":["zKgHPz05Or8FNmA81JVSB3r+AdyHMkI9I2DEK93iFxM=","Dl3ll91RA4XbZJGQ35QuilmPpQWapzTRxELarmTuS38=","o/alHFDDQv/xPxBGcw92dV7VJBs5RoYsPbQ5B6/Iz4E="],"block_size":4096,"path":"adblock-data-migrate.js"},{"block_hashes":["NwPBYQLTaZDyuQHq7U3yk2PGJQnmzvn1gBMp0nbKR2I=","iMl3Gld2MvmE1G0LoXi/qXIx2K4Ub19I1fGgA5EUB6E="],"block_size":4096,"path":"adblock-datacollection.v2.js"},{"block_hashes":["6nofDrJIDYQMVaMbOIHEj9lo+uC29Qetr0lPHy7oV1k="],"block_size":4096,"path":"adblock-errorreporting.js"},{"block_hashes":["486kuZMDwfHRyIwqsPrxUs3UKselIRRkIThkS/UnHsc="],"block_size":4096,"path":"adblock-excludefilter.js"},{"block_hashes":["IMqCR9jy6f/ts4EZxyK+CngoM96EZQP2iWSIk+w/Ja8=","Oyyjc2j4ypSY7f05XumoXhjzl80F0CuM2mB5FTq38OQ=","dDIjIkZy/fYkCa9YgTvqfFijsTD0kiky6IA3s0LICTw="],"block_size":4096,"path":"adblock-functions.js"},{"block_hashes":["rFrifuolFl58cvKfHyVnzOX4lcvQeKSX5bwCdtxf6XA="],"block_size":4096,"path":"adblock-idlehandler.js"},{"block_hashes":["rCTXgTIi4P66bM3kwSFwfVBCQ4W8CsQopkW7aVO9lCc=","8zsBABZcWdPFhul0z38aPDWrhG7nkAWxLvaOKvzXnyw=","WprWigqEC+qRkLXHDdxn9KCPKA8X9qKY9L2eF6r7k34=","hHInQIRBpyv6PIY65KyMbJGbLdbNQ0tHEQfqxzeulpA=","URLzU7WmuA0adB+fY19NTiG3Qf15BTESHfaQgNgpxo0="],"block_size":4096,"path":"adblock-jquery-ui.custom.css"},{"block_hashes":["+1O/IgMD6vmxwbfihTnN5O7wjFnBhWDqMPxRtFEl8sk=","A5R1AP730GUOO/8wgNbU5s5VhgLmLKifxm8LAYKqBbA=","OIZCVOQ9tazs9t70XmaWU9Xmv07xvA7OkkezYVtNKzM=","bRmURriDB52Sap+D1RlEUXyBrpPAD8nt2B/mhHXDcps=","qqLeTOc4aLZIsnLMeqqHyroSQG8chG3lBBsdsp4fekM=","Jt4cMhD+O0E+zumDLk6ZzWsnl/PEwpCjNMWJ9Cd7opU=","YYMfsO7qUMFQbr3oXGDrt+/rm4hrrY01sAoRQNkMq/8=","mgq2XRww4rSLFA/UAimmq53M3ZtHNxha9S0opG1j3ms=","9eSw8Li085keBVxAfgvcLdYCHIhkU1pB5AIL8PE3M2g=","yydUYAXga2vayiA8S/L8SWTCwkfmPrfpEVXEYcOBMng=","1FEfK7vNDLm83DO2Xm/GVut4kPcziFwsPihIxzcFNiw=","Unbe0gVfJflWc2DwfZZPHrOkG2QG509mn+qwkvcTOtA=","qEWYmHqqTslS/kvIQPfkNo4FW0VXTqze+HypitMb5ys=","SNFe+FDOxAZL/vYVOQ3G6xVPA4z/KgkBE6D2SSWfMZk=","zE8KkT7xDcHhaGkFlvI2RUuPNXFQHW/IXm1B2FDvv+4=","clum8NE5s4h6aZ5mOwq73a1KS8e7aH9j//FWXk+2Jxk=","q7r0ZyKaYDp2iJGDz8TEOJtpJpiY4YtZvICMh5RhGms=","5oMXSOGt3ifdhLtf6kZaupVDkEsPM1Gh73UOnIwuoyA=","qhQXbIPKzI9W4UwS4V4lje5oF6TW2sOCG300e5YZhek=","AFcBSBFdB3+p4ZMjZToRH0d+r009Anzl2hNWUwUFt14=","KGbTvuuSpDo6/vdCVD8NAsxyAESWmnZQNsYFpFGG370=","ljl2EUN/g36hdlRUQIrSAQhspEBARJbYwfDYTJthSO8=","s8SKY2pHyrA9AstKpQhYm1ZLiMNY/G8PIOVamJkHVlM=","1dLDi0w858N1dN4JzHkfCnFTnBk5nCY7HnW5+roKNj0=","LxXOMXFAvdj5KsEL8vGXad2/O8+HK+4HHDIAV2uRodc=","IqmBulhv3D7FIpnGozSGpe3tqCC/LYEesmxF/i3f2uE=","uRcIv6b+zMhbLIOBsAMN+MzFCu7LS9RyphqVVevJGpA=","DmJbzQHum8Rl85rMvlprHsdcD8aUVlpHL88iELNMa3E=","VazwOa7UBUglTNLAD/dAb4Yzq5J1U2L65QsL7b4v0gw=","M6GUJou3/ZfO44sMN05qo5sfzG78GkCTHNteCrQdURs=","2SFtZkbvF+w/nIDVeefQCid+RDSShlYCQkpmFz1O/sE=","Oirfdrk+E+c8gF1ONMLDVoo07/3ilaGBK4xKYqRyKxM=","NpuAnaFkBGrDb5ocmwet2avwMFZ4qD63qeXXzV/PA1g=","iiCBpzqpA4YLXlE+x6h0BDYYyaroDBhqZ01MIgufmFE=","Xb62V/0VarZBIkYxP7LwUjIoYKak/PWG4v1DVnsAwck=","HCczXdF2Q+FLCZEJaxKX9DKl0utV5E37jWyZiVNn06o=","P9ohHEzh+uVD++laNP4yjP+meH7MshZTfFhHKPhcUEM=","GvjiWqh25v6bllVFPhaYWSaESbXzCsz6ghc+X9Zsu/Y=","IySHJ5c2v8Z0Hs7JHE4/XOk3K1EzrJ+EJUIRP/FPsmw=","VmUoqJjcTcOT+moDfRQ7jK6n2DZKcngzSwa+AcyyoKs=","HLQ8qAh5rG3xJomJ7SjvrGTXHaxPkwjiBetpxZ6Qvps=","g8WzynXXrEN2Ws7dug0wguhRLzzy7QMdUSQ5tQCQo7Y=","pY4EGuOxZettPRLuO/xCGBsZ5AlXHm3HJ4eooTH9tto=","fnGjt1f/zNnZloMoOEd3NUyEc3TPQKNPaTcA2AfVXNg=","+6WssU+INW7G6kqoQrRiLR4rmMshoNAfcpOIAVzgEJY=","KMnyTQ8tbQkmo8DXbXZMBPjS2+L7FnQZTgn1uqQG/kQ=","3KGmn+McCY5Ja/p/LepEyH6If/Ou0kgPXocqtTMTUMM=","4ZmZH3pG2Iz+sPcv+sesZMX7Cji86HS6QBR554+LrmM=","BHf/oNqAQrYgQSXdOXxLRWUThWqWGDmhKgPJSo6JKmI=","hMyjF/WSQCiCRmyD8lKEnV+z2nabkyYguoEX8joahG0=","aI1NZJ/d+mZ/srUQF1pZGG4Md6kEY3QCPQUQP64KIGE=","NHbaA0tYra0JAIMqg9fK5uFOpq8y0CC857GAqtHw0gk=","QeXkmBEhrELS4i1RXJXrLfnvcui+Gr+p9R1eqGR5xrM=","onE9iMOd35cnkyjSdDZ65Idzk0sx+HWuFwViAa2FWHI=","idBSR4ObTaIRq6uXIGzHCOKGrrM8FNtSbvngrMUTLCE=","6uWNk9l9eNg8bBaP78hUhFl6KIU9yqzjEqzrcgMa4to="],"block_size":4096,"path":"adblock-jquery-ui.custom.min.js"},{"block_hashes":["+1O/IgMD6vmxwbfihTnN5O7wjFnBhWDqMPxRtFEl8sk=","A5R1AP730GUOO/8wgNbU5s5VhgLmLKifxm8LAYKqBbA=","OIZCVOQ9tazs9t70XmaWU9Xmv07xvA7OkkezYVtNKzM=","bRmURriDB52Sap+D1RlEUXyBrpPAD8nt2B/mhHXDcps=","qqLeTOc4aLZIsnLMeqqHyroSQG8chG3lBBsdsp4fekM=","Jt4cMhD+O0E+zumDLk6ZzWsnl/PEwpCjNMWJ9Cd7opU=","YYMfsO7qUMFQbr3oXGDrt+/rm4hrrY01sAoRQNkMq/8=","mgq2XRww4rSLFA/UAimmq53M3ZtHNxha9S0opG1j3ms=","9eSw8Li085keBVxAfgvcLdYCHIhkU1pB5AIL8PE3M2g=","yydUYAXga2vayiA8S/L8SWTCwkfmPrfpEVXEYcOBMng=","1FEfK7vNDLm83DO2Xm/GVut4kPcziFwsPihIxzcFNiw=","Unbe0gVfJflWc2DwfZZPHrOkG2QG509mn+qwkvcTOtA=","qEWYmHqqTslS/kvIQPfkNo4FW0VXTqze+HypitMb5ys=","SNFe+FDOxAZL/vYVOQ3G6xVPA4z/KgkBE6D2SSWfMZk=","zE8KkT7xDcHhaGkFlvI2RUuPNXFQHW/IXm1B2FDvv+4=","clum8NE5s4h6aZ5mOwq73a1KS8e7aH9j//FWXk+2Jxk=","q7r0ZyKaYDp2iJGDz8TEOJtpJpiY4YtZvICMh5RhGms=","5oMXSOGt3ifdhLtf6kZaupVDkEsPM1Gh73UOnIwuoyA=","qhQXbIPKzI9W4UwS4V4lje5oF6TW2sOCG300e5YZhek=","AFcBSBFdB3+p4ZMjZToRH0d+r009Anzl2hNWUwUFt14=","KGbTvuuSpDo6/vdCVD8NAsxyAESWmnZQNsYFpFGG370=","ljl2EUN/g36hdlRUQIrSAQhspEBARJbYwfDYTJthSO8=","s8SKY2pHyrA9AstKpQhYm1ZLiMNY/G8PIOVamJkHVlM=","1dLDi0w858N1dN4JzHkfCnFTnBk5nCY7HnW5+roKNj0=","LxXOMXFAvdj5KsEL8vGXad2/O8+HK+4HHDIAV2uRodc=","IqmBulhv3D7FIpnGozSGpe3tqCC/LYEesmxF/i3f2uE=","uRcIv6b+zMhbLIOBsAMN+MzFCu7LS9RyphqVVevJGpA=","DmJbzQHum8Rl85rMvlprHsdcD8aUVlpHL88iELNMa3E=","VazwOa7UBUglTNLAD/dAb4Yzq5J1U2L65QsL7b4v0gw=","M6GUJou3/ZfO44sMN05qo5sfzG78GkCTHNteCrQdURs=","2SFtZkbvF+w/nIDVeefQCid+RDSShlYCQkpmFz1O/sE=","Oirfdrk+E+c8gF1ONMLDVoo07/3ilaGBK4xKYqRyKxM=","NpuAnaFkBGrDb5ocmwet2avwMFZ4qD63qeXXzV/PA1g=","iiCBpzqpA4YLXlE+x6h0BDYYyaroDBhqZ01MIgufmFE=","Xb62V/0VarZBIkYxP7LwUjIoYKak/PWG4v1DVnsAwck=","HCczXdF2Q+FLCZEJaxKX9DKl0utV5E37jWyZiVNn06o=","P9ohHEzh+uVD++laNP4yjP+meH7MshZTfFhHKPhcUEM=","GvjiWqh25v6bllVFPhaYWSaESbXzCsz6ghc+X9Zsu/Y=","IySHJ5c2v8Z0Hs7JHE4/XOk3K1EzrJ+EJUIRP/FPsmw=","VmUoqJjcTcOT+moDfRQ7jK6n2DZKcngzSwa+AcyyoKs=","HLQ8qAh5rG3xJomJ7SjvrGTXHaxPkwjiBetpxZ6Qvps=","g8WzynXXrEN2Ws7dug0wguhRLzzy7QMdUSQ5tQCQo7Y=","pY4EGuOxZettPRLuO/xCGBsZ5AlXHm3HJ4eooTH9tto=","fnGjt1f/zNnZloMoOEd3NUyEc3TPQKNPaTcA2AfVXNg=","+6WssU+INW7G6kqoQrRiLR4rmMshoNAfcpOIAVzgEJY=","KMnyTQ8tbQkmo8DXbXZMBPjS2+L7FnQZTgn1uqQG/kQ=","3KGmn+McCY5Ja/p/LepEyH6If/Ou0kgPXocqtTMTUMM=","4ZmZH3pG2Iz+sPcv+sesZMX7Cji86HS6QBR554+LrmM=","BHf/oNqAQrYgQSXdOXxLRWUThWqWGDmhKgPJSo6JKmI=","hMyjF/WSQCiCRmyD8lKEnV+z2nabkyYguoEX8joahG0=","aI1NZJ/d+mZ/srUQF1pZGG4Md6kEY3QCPQUQP64KIGE=","NHbaA0tYra0JAIMqg9fK5uFOpq8y0CC857GAqtHw0gk=","QeXkmBEhrELS4i1RXJXrLfnvcui+Gr+p9R1eqGR5xrM=","onE9iMOd35cnkyjSdDZ65Idzk0sx+HWuFwViAa2FWHI=","idBSR4ObTaIRq6uXIGzHCOKGrrM8FNtSbvngrMUTLCE=","6uWNk9l9eNg8bBaP78hUhFl6KIU9yqzjEqzrcgMa4to="],"block_size":4096,"path":"adblock-jquery-ui.js"},{"block_hashes":["rs/NrRRd8pIFUtk6GZ0Mg9jHP1RJc2Xbd6uKLfk4Erk=","bcnvDIPkJ5NG5XMKl2hApOz+sAeVCwHArSqC3gwUZXc="],"block_size":4096,"path":"adblock-jquery-ui.override-page.css"},{"block_hashes":["eAOpAZFhMFFZeu8xID+S3OU0lVvXaiiL0vE0UwFeA8c=","GGJq1ELKsIAcZr1f7hDRW9taH4VNnyRsyHV9dMzDdNw="],"block_size":4096,"path":"adblock-jquery.cookie.js"},{"block_hashes":["em+zUXKjPRmhczN3lA2xu9LbJumDMSBrFmyzV4N4uAs=","oZ3ksgogtZGt2V3Hx7b3Bx4BWIlR9evH3ZYhb/0KNyI=","OgzJRMAJD4enE+clnRm/qZNi6JsfX45K8kV9Nt4QCSY=","nyRR6Dp0VMqEn52mlpMBalh5YTH79ptVX4xF9hvuDdg=","nZVKTz5dDHVBzwyZQCGTwh+1iI9vrPPStn+ofQrmCJU=","sL525yJ0NdnYt6T4O3GLe7gH1OeUFa0CCuP847Bt4f8=","aioB1FUKrDOomjfVeZ+/O6PjnTOPSahUzg1kn9dhN2c=","/lhKYZ03li7IxIrq81ffA+is3b5UzNJko6JDHFcclM8=","6pgtIpcZ0Am+MLSTlXgV8KnZ8kdhn8OzMbgdgh/oYic=","aLmgUE2EmuegHR+9I8/U8+I4gE+U2DOY30rjdZWtVhU=","83PRXgXhykGmv8/BGbtN0PXewB18FgHoniPox2HNHPg=","E45xC08Na1mSM3zP+HYWp+Tg8S+DPA849uwUDTqs914=","qQzaxLVOilF6+vrJjK+4cAoJzAWcUHPziYJWIWFPD/Y=","/kTwTmzSltVjAyOB3dsuAW6/ZQjOdg9m4cP62dW5Gzg=","EUzLInHw0bnwwl/si2Bq+d1SmoM1lOiYR6qIHFgB2l4=","19+EdsUk0Nb3wQrkIS9n1c0pH9d9fDlmFQ8xQeCQwNI=","Vng52q043+NbrSLYdbwDGfR+EokcfHmKmPRHyYvfm0M=","5xptDaL3cBg7ea4cHXciA9K+IMOIw0enfnxS1MAgjEw=","qvUsFD10WCWkpg8SoZQ6bHxLmq+L3mytwb8kr2uSePQ=","2+7UBeS56SXyzckHf0yLtsOnhttKmKAhXiZ5Vuy2mFc=","ccNHjFnp83SUhY8UMZPGDSjxuM+N6gkBIFe8fZE/+0o="],"block_size":4096,"path":"adblock-jquery.js"},{"block_hashes":["LqHa8NVaOIbr5QcFJeYdl8UiUiTr+/mB5YNzDK+PcmI=","2pFKtvsAhoqIob5ZBILMEygQaYubWUsRoilodTKw4Fs="],"block_size":4096,"path":"adblock-notificationoverlay.js"},{"block_hashes":["fxUZdzDVdqBWloF0kaJDXe58U8RmQEmaWT2IZKabAr8=","0xumOpCMRzq3Utk3fqURm272ORrTZSbKHCQHilhxte4="],"block_size":4096,"path":"adblock-option-bug-report.html"},{"block_hashes":["ZPaADS360W3WIy7Dk7wIoWf/HNX9uuHl2gI8NJHE1VU=","mVPclpCQJmH2KSp7gv0yY5DptBPoIVJbxF1ENlRlYM8=","dlf2PQba5XQQ5B+Mn5cHrxiQRVzb4WfGTfsoRWmhoW0="],"block_size":4096,"path":"adblock-option-bug-report.js"},{"block_hashes":["nDjk6i4Hj+c0UBtx2G+jwfNf3P90xI/tBevb4bSEIqw=","suG/zWfX0fQdUO/gv6+32tKsLqXayuMLQNJYMjuYcgM="],"block_size":4096,"path":"adblock-option-customize.html"},{"block_hashes":["6sR/elkS1VCxgLacHfSHCmiXkgjDracE0ynQDXYhLhI=","8Iofio09fASV4Ba409QEKCDq08rUt5KZlMm7Vc5G3Ac=","80UxMi6L7gtq/Z4Ckh20MCZlmfOnLk6ShPSKzNXZ8kY=","TbkSNobLsplNkKZqD7eG1unYdAL59vDX4A2IDEA1vDI="],"block_size":4096,"path":"adblock-option-customize.js"},{"block_hashes":["1MjgnZfQRJbW67mwJHYhTB+YRnk/wlSnwLKztkgNdTY="],"block_size":4096,"path":"adblock-option-filters.html"},{"block_hashes":["blgQGKSLONZow4zx0+54i0icm1f8BE2DItvBwnAqgBo=","wJXx1laLCmZhyTaJKmoE/SodzL6Kf+WyLmKEeSYrajA=","pdyAureq4zFONYsB3FtQMfck0ADdCSHclD7muIdUXGg=","uxdxM/z5me2lNRX7C4lQZGzYdhxRbYGLbuiqLB6ne68=","XciYOLr2PV45X1hVB1OCX9h7uihkK3XkizEBflRUOC0=","RGNtPkwjGdepxqOyxsKl2MyLPQiKKU5dIQoEUFR/BbY=","U2PurDOxfUSe+okT9rQ2wdms0rTwo0UbF2paZdLKL9A="],"block_size":4096,"path":"adblock-option-filters.js"},{"block_hashes":["UIBJpzUES51lJMPvodLmz3NZrLduILomDoRZc7wOUSU="],"block_size":4096,"path":"adblock-option-general.html"},{"block_hashes":["MT7U4k6kzR+oBUsQ1UzV6JsCSQCIt58V9a8CnreGHJg=","JnhaL3Flj+xRCvGC5k2wIE+Od2QlOffhvXSmhXdJVH8="],"block_size":4096,"path":"adblock-option-general.js"},{"block_hashes":["smRbSGAwq+5W8Dpdn/nQlkJKJ4EXFePgv+1c2Cvvwc8=","k4v8ueWvxh86ZdAhhstyP/k0E3/nfoHJngKS7KSWTY8=","tkQLpTkm/1bKFznvOtXcUvWd5BWEu1xZE2+yvkecDr8="],"block_size":4096,"path":"adblock-option-index.js"},{"block_hashes":["euwKkBg6SwZN1Rhk54QOE4PfkI0h/0oN6svL5MC/FVE=","K196nA6Sz60Y0St8729ADsVXAepXCCWNaUTay1UVw8o=","XHUC5RKzMWiAo2uxm3ZRB2Q+xvXY8a5qS3LNqiDAztU=","SUli1pU50tEOnLhDFeY5DenFB4730/kV/9sWy1pEf6Y="],"block_size":4096,"path":"adblock-option-options.css"},{"block_hashes":["yss+BRO+4581IflSUTFbzN61TVgb7OWlvlkzMbaGxUc="],"block_size":4096,"path":"adblock-option-support.html"},{"block_hashes":["d8dfPYEsc6hEM48k2knI9mG3Hwb2rLHcTE9LSggw/LA="],"block_size":4096,"path":"adblock-option-support.js"},{"block_hashes":["WReT0fdQBtJsSDkYleQXPYviCJMOqZpXeD6gFzQJLW8="],"block_size":4096,"path":"adblock-servermessages.js"},{"block_hashes":["QMQC7vt5DrvnhJYthpknZzJwRPaPTaVga6jAKgPSAzo="],"block_size":4096,"path":"adblock-settings.js"},{"block_hashes":["VykflNqaz5QYplN2Q+4lVEL35k3JfC/k/iV+y6PkYME=","ivvvf8sjLNcEeKpHztI6Gv01Dg9ptLr2QMGgD4Y49OY=","w+9mzKbrTUp1pd+E3EQAuKNUbjxoVsjX6qee5ZweNTw=","+keJxjAhdAmk+s4UJp14ycUg2ZF6wq70hdK3yFfgBtU="],"block_size":4096,"path":"adblock-stats.js"},{"block_hashes":["5ZoTx1ecXs7hWIWgMuvwN/MLrd7IEJp85vhs5tV6EOA=","DodY6yxdnRJh/sxpv9keWZu67RLWS5T7kUPJQFcWmc0="],"block_size":4096,"path":"adblock-subscriptioninit.js"},{"block_hashes":["ofOzTK6P6XOLFUk/bkaRNfED5VCllpZOmaR4Ovln7EQ=","iIWzB5md5Zacos4R7awSuXyV8PkwnM75EVFQCL1LX7E="],"block_size":4096,"path":"adblock-subscriptions.xml"},{"block_hashes":["ghgjqPMA1UpiIrkq5NBC45INT2WG8pJlQ6lDs9TJ80w=","ZovMLqaFR6yMR30a7TdWFi6NnCEEb5Sw/daqjjWxZ18=","l9WojLnnLWQFX2WoWSJ7OzVTYK6aHhzwcvf7/7EpbO0=","cCcuI/MD2nGMJulKSoZg8euU51NdCyz0kUF29oEVSDU="],"block_size":4096,"path":"adblock-survey.js"},{"block_hashes":["nfKwcizB++kEBUH05GBg1UsPNOlqC2INrER2CjDngDA=","eNA3MjJMiZlNpW8yUiP2W69MAq9ncDcH4wtSh09L78k=","D/a4v3gyVxUEBG4CNNjqmWbHpGM/bq60Z5TGsn93Yk0=","iamKvAca2Bt0jHQ/EqFmifhuFBSsetliLFcDru6c1bI="],"block_size":4096,"path":"adblock-uiscripts-blacklisting-blacklistui.js"},{"block_hashes":["xZB3h4XqfAM1kzGWFcDIJhB2RkKQ5/SoBMF7BJ+ugFs=","ncpkNdAIXmFx0PV1xwuMvpNFAEpmo4GRyabsbc2IYBc="],"block_size":4096,"path":"adblock-uiscripts-blacklisting-clickwatcher.js"},{"block_hashes":["Tg8/SFofuvzLTw1lWhqu9ldK41PR6TAyyXMgWrezJtA="],"block_size":4096,"path":"adblock-uiscripts-blacklisting-elementchain.js"},{"block_hashes":["rRbi2uu93wwc99Ec8L+AbjL0r3XZckl1U9lfqB6T6cw="],"block_size":4096,"path":"adblock-uiscripts-blacklisting-overlay.js"},{"block_hashes":["W38D/9MoQmOgOfkOKTl2hMsu11O1QO0wnIvIUX+7Cx8="],"block_size":4096,"path":"adblock-uiscripts-load_jquery_ui.js"},{"block_hashes":["bRFRs4Poc5bPQCAFrdohTyoLthULsv8kJbeUA8qLKNg="],"block_size":4096,"path":"adblock-uiscripts-rightclick_hook.js"},{"block_hashes":["2pGvjWWMgortrQXiBrX0bYCpGsPi5i0qjfxI8xpucK4="],"block_size":4096,"path":"adblock-uiscripts-send_content_to_back.js"},{"block_hashes":["lYMm4/wpIo0ePb1GH+tVW47IsAwHWKkS01kyZOYE6uo="],"block_size":4096,"path":"adblock-uiscripts-top_open_blacklist_ui.js"},{"block_hashes":["qx2GoWfzP9wPFGeL15V/rb4Pla6zBaejmrbTYayl1rQ=","o0P8AZ40QT7OqkBrn1sfyu7Xp3pObNGhWrQh1eFpzmA="],"block_size":4096,"path":"adblock-uiscripts-top_open_whitelist_ui.js"},{"block_hashes":["1PETciAEFnVTXIuNiLTHuUfPZuLt5a8wGpS1tYEU1S0="],"block_size":4096,"path":"adblock-uninstall.js"},{"block_hashes":["wbtAJ2+9jh1zVm12xLmj4HdC866TVjWQxlUvW30tIGA=","XAbPoKqgBVO0gOqBmHnVsWQ0A5DJRgsKDXQ5nUpDFHY="],"block_size":4096,"path":"adblock-ytchannel.js"},{"block_hashes":["tIzszfGQ1JcRTDcA+dd6xmqqciHW9iS1ISWVXI3PnnQ="],"block_size":4096,"path":"background.js"},{"block_hashes":["QPHJZWdqaCwvmCQj6bCPdmXPlRLN9PhkAIjr/ssX3Tk=","OPESRZIbmoLfZzT2zhqmjUwzJzavp34jCvFClS/QPZc="],"block_size":4096,"path":"common.js"},{"block_hashes":["EKHN/18+HkBOTUa22Q12wLglosds0aSbk6aqbJjWxKM="],"block_size":4096,"path":"composer.html"},{"block_hashes":["Wtyafr+bNBdY+jnOtNF0km2Hni8yO7psdF5bU3smGzI="],"block_size":4096,"path":"composer.js"},{"block_hashes":["GMIIiaHfjE+iRmHnG5Z/aEnyGVqxHhbMoCrsa2G5gDA=","Vws74N9TX9+qh0CGh2tuovWgAVwpvHlFh37bzcyIkhc=","23YEa/WjXdgQ8BSad9lgzcoFcrh+DKqhOACqUYOUYK4=","QIgDxk8oTn8gEVqba4kaNTzSCrj7kezhcGPqX16RWeo=","p9zud3cNF1k963noi2exmNSpJICgd77QFJhXWqLToGU="],"block_size":4096,"path":"composer.postload.js"},{"block_hashes":["b7vpUfrqw762GBU0QRPZloTkAloJz/WRQayJ8lL4Rho="],"block_size":4096,"path":"devtools-panel.html"},{"block_hashes":["VBm2b3DMtQ45bv3j+EgazS6vO7+hag/Qc39hxjb0iLg=","husYnZnkg+9kTDDkkkRgg1R/cX1o7CES2WEHzekioHE="],"block_size":4096,"path":"devtools-panel.js"},{"block_hashes":["jlEFeu9hwgCtD5Yz36XKw70SCcTVNx4Y40kSwukf6sE="],"block_size":4096,"path":"devtools.html"},{"block_hashes":["k8l3C8Yj8rbkwT/FNpnuxpPSBq7skifvOJkuLQ/Rowc="],"block_size":4096,"path":"devtools.js"},{"block_hashes":["0QFwoOHI/S3rPK3/KIpznpl8i3FrBPq0jEi88wRx+Lc=","NydMBUGaElgMJeK6fArnoSdtUEfJn94C7VcYNgngxxE=","3JwOmJNVEiq/KbQyu0VbtKQA4WFaFsZL55i06gzSYbk=","CzeYdY90EcKNoszl9MnmnZ+4oncxQgHo7jPcsEDRVfM="],"block_size":4096,"path":"elemHideEmulation.js"},{"block_hashes":["eAW2KVUWJOEe0FUQ1PQI78LaeGTaWTe7dX60lbDMjSE=","fnGYWQN/ynPSEM13ttGnhqhIoj/qQUsyhul2xUXh8FY=","hxj/emR7ZBBtmi+aCFEP24h3M+BEVNwurJC8nRAUpBk=","cAjuE/d2csaY8N2z7UvHJC9igytiLUdFUXNXpbSUFTo=","i+YAcwG5cHTlnq3Jv9wvILvixQHja/dXNdjcv0qrtVM=","jcNXD48DMOLmaFUGXLTfnhON4JvyXM+Kj/zJDZRt7X4="],"block_size":4096,"path":"ext/background.js"},{"block_hashes":["n6GbfhVE8FsjIbKp5C50DB395sOxbYBCYSNgCo5xI6k="],"block_size":4096,"path":"ext/common.js"},{"block_hashes":["BIyVkWvdrS7AbGpEsoM9JSKnBJWoEXxaLN1XuoTU6V4="],"block_size":4096,"path":"ext/content.js"},{"block_hashes":["EPeJrYv4a8Hbdh1SEymaUgS1+aUSyCBQ7ax2nrKrI1A="],"block_size":4096,"path":"ext/devtools.js"},{"block_hashes":["F+uXU5xj/eLTUqIbPUBwq35/p1tQo3uMpRkq9nhmXRs="],"block_size":4096,"path":"ext/popup.js"},{"block_hashes":["0fDi3Kl5YGdCTZKtFkY4Vcqo6mfzLsb/w0GAsx3QzDI="],"block_size":4096,"path":"firstRun.html"},{"block_hashes":["Vnyx0q6g9V1ySPQLPTf2Gq/O850APmUsnno+2acsAOw="],"block_size":4096,"path":"firstRun.js"},{"block_hashes":["qM8CWMLLDuTAOR1D6wI038Esek6nVDRFv253EIe0O0g="],"block_size":4096,"path":"i18n.js"},{"block_hashes":["vfkMZOP8OX6u67NsQtXg7KZzHdSEWGmGMtD8pPohWXM="],"block_size":4096,"path":"icons/ab-16-grayscale.png"},{"block_hashes":["cyfRfZTaO43sUkb6TYFyUf35n/mmDSVtDUkTEmhT5xo="],"block_size":4096,"path":"icons/ab-16-whitelisted.png"},{"block_hashes":["9kSLWEfstLn8hH/ZqGEA9+1v4ZKD0u9ZFCqSWrhwwjo="],"block_size":4096,"path":"icons/ab-19-grayscale.png"},{"block_hashes":["pTUxMVTjHJktdOIJTQSbvqiMK+YGt7sQ0qwvQ8lvd+s="],"block_size":4096,"path":"icons/ab-19-whitelisted.png"},{"block_hashes":["hfEanx7qRZg94hskWGpS8mScIbt50YK21PYzMaMEVIM="],"block_size":4096,"path":"icons/ab-20-grayscale.png"},{"block_hashes":["iV6i/90VlmGgtzX+Elhd0rua+2e1l4arhD9rfctBwcU="],"block_size":4096,"path":"icons/ab-20-whitelisted.png"},{"block_hashes":["d/92TE4n0bGILovdME+D0DWDhelO7g7pLeZ8cP5jdN8="],"block_size":4096,"path":"icons/ab-32-grayscale.png"},{"block_hashes":["Q+oD+F6G7i7PgsanoAygKi5UHjtmuWp4jCd89Qz6r5k="],"block_size":4096,"path":"icons/ab-32-whitelisted.png"},{"block_hashes":["3xi7uWy7xfdz+7K1RmOSKmglXFpyTLvwWsW3dS3Si24="],"block_size":4096,"path":"icons/ab-38-grayscale.png"},{"block_hashes":["8g1WjF5nlh0ql2sPI2yCqf5wAVAbBQuzneyvgqPsjxk="],"block_size":4096,"path":"icons/ab-38-whitelisted.png"},{"block_hashes":["XMVTpqt05+Kp3wHy6K5EoSZiBiHXD0q/gqfmEst/YEE="],"block_size":4096,"path":"icons/ab-40-grayscale.png"},{"block_hashes":["7DEonr7gwpJO+C/y60PV71poBN2mkNxA08jce6Q0Apw="],"block_size":4096,"path":"icons/ab-40-whitelisted.png"},{"block_hashes":["vfkMZOP8OX6u67NsQtXg7KZzHdSEWGmGMtD8pPohWXM="],"block_size":4096,"path":"icons/abp-16-grayscale.png"},{"block_hashes":["L2OHH2kJcWVj+6n6jfN53Y2NNQ+iquR4nCH615EcR2o="],"block_size":4096,"path":"icons/abp-16-notification-critical.png"},{"block_hashes":["VwuBTPHEyT/He3Y52A+/YY66HiJwp2Kdy/FHdxlW66A="],"block_size":4096,"path":"icons/abp-16-notification-information.png"},{"block_hashes":["cyfRfZTaO43sUkb6TYFyUf35n/mmDSVtDUkTEmhT5xo="],"block_size":4096,"path":"icons/abp-16-whitelisted.png"},{"block_hashes":["AOVC1xkMIDkAc89QZbXQE9trNitKmWTi0ofU9bFsGjU="],"block_size":4096,"path":"icons/abp-16.png"},{"block_hashes":["9kSLWEfstLn8hH/ZqGEA9+1v4ZKD0u9ZFCqSWrhwwjo="],"block_size":4096,"path":"icons/abp-19-grayscale.png"},{"block_hashes":["roEgdAZCHlq8eLLHc4Qzp21vciXnQ1eANhmfMwDJXoA="],"block_size":4096,"path":"icons/abp-19-notification-critical.png"},{"block_hashes":["MelVGOPIlGOLqBenEVN50h6638KbZfldYGvKixClDBw="],"block_size":4096,"path":"icons/abp-19-notification-information.png"},{"block_hashes":["pTUxMVTjHJktdOIJTQSbvqiMK+YGt7sQ0qwvQ8lvd+s="],"block_size":4096,"path":"icons/abp-19-whitelisted.png"},{"block_hashes":["KTrncB+guRRUV+tF9TcmvOYYhI+2qzmH4bJTdoKhOQc="],"block_size":4096,"path":"icons/abp-19.png"},{"block_hashes":["hfEanx7qRZg94hskWGpS8mScIbt50YK21PYzMaMEVIM="],"block_size":4096,"path":"icons/abp-20-grayscale.png"},{"block_hashes":["GRbYdaahtr1UGiN/n0jV7+VIuU9eN5+U1FyUSm8VQAA="],"block_size":4096,"path":"icons/abp-20-notification-critical.png"},{"block_hashes":["7tGUOFe0hq5bO/0SGiGFP3KWX8KU+ndr06mmym39Ch0="],"block_size":4096,"path":"icons/abp-20-notification-information.png"},{"block_hashes":["iV6i/90VlmGgtzX+Elhd0rua+2e1l4arhD9rfctBwcU="],"block_size":4096,"path":"icons/abp-20-whitelisted.png"},{"block_hashes":["U3CQD0NNBKGuZ4yGjUcXm2a4WyX06dMWri/vEBntgHY="],"block_size":4096,"path":"icons/abp-20.png"},{"block_hashes":["d/92TE4n0bGILovdME+D0DWDhelO7g7pLeZ8cP5jdN8="],"block_size":4096,"path":"icons/abp-32-grayscale.png"},{"block_hashes":["pkEhSh5BXmvdx9WNSPdnT+r2QPD1ZNQMpQxRxqCAveY="],"block_size":4096,"path":"icons/abp-32-notification-critical.png"},{"block_hashes":["QTEAHK4o17wHTEP/N0TY/IGQh7NopBcjbi2hKDtVpOI="],"block_size":4096,"path":"icons/abp-32-notification-information.png"},{"block_hashes":["Q+oD+F6G7i7PgsanoAygKi5UHjtmuWp4jCd89Qz6r5k="],"block_size":4096,"path":"icons/abp-32-whitelisted.png"},{"block_hashes":["n3H4ZFSr752DEwVM1YEiWCKXiycf9Gm3C9n4wLrbj6U="],"block_size":4096,"path":"icons/abp-32.png"},{"block_hashes":["3xi7uWy7xfdz+7K1RmOSKmglXFpyTLvwWsW3dS3Si24="],"block_size":4096,"path":"icons/abp-38-grayscale.png"},{"block_hashes":["1LxlWS6sVIbfmdI11nxprODvxJgMneJN8sSZLS+Du2w="],"block_size":4096,"path":"icons/abp-38-notification-critical.png"},{"block_hashes":["D+5XIgzwAPrxCXmjP6PJYw0TlK32Ws//UUuQc74frdk="],"block_size":4096,"path":"icons/abp-38-notification-information.png"},{"block_hashes":["8g1WjF5nlh0ql2sPI2yCqf5wAVAbBQuzneyvgqPsjxk="],"block_size":4096,"path":"icons/abp-38-whitelisted.png"},{"block_hashes":["D/67ds6FqRZ4GBx/eUlWYHqzxUAGqrUSow2HlDyxyEc="],"block_size":4096,"path":"icons/abp-38.png"},{"block_hashes":["XMVTpqt05+Kp3wHy6K5EoSZiBiHXD0q/gqfmEst/YEE="],"block_size":4096,"path":"icons/abp-40-grayscale.png"},{"block_hashes":["U+flMCJLKpf6U3cdT87Q2xoDlwpmv5sKTB85NeetMF8="],"block_size":4096,"path":"icons/abp-40-notification-critical.png"},{"block_hashes":["CQrvdQzEmvTJcL1zYbfkVnm/kGmTCIPfJumggXMI9jY="],"block_size":4096,"path":"icons/abp-40-notification-information.png"},{"block_hashes":["7DEonr7gwpJO+C/y60PV71poBN2mkNxA08jce6Q0Apw="],"block_size":4096,"path":"icons/abp-40-whitelisted.png"},{"block_hashes":["g2lK0maIQm126M6/Ick1NizjlDV3kOwh/8sx1F3nOxo="],"block_size":4096,"path":"icons/abp-40.png"},{"block_hashes":["FAb6IvnH3hqjOOV1uTAdruiaO4CMUin5QjDZRtw3AXM=","V7yFKJNizzK9viTIBFinaxxYnHEyMo7Pj76FftFXJHc=","S33UGR2sz74j90k0eNWS55kQd6oy3FpAS3Xv8ttJ3Pw="],"block_size":4096,"path":"icons/detailed/abp-128.png"},{"block_hashes":["n3H4ZFSr752DEwVM1YEiWCKXiycf9Gm3C9n4wLrbj6U="],"block_size":4096,"path":"icons/detailed/abp-32.png"},{"block_hashes":["8g1WjF5nlh0ql2sPI2yCqf5wAVAbBQuzneyvgqPsjxk="],"block_size":4096,"path":"icons/detailed/abp-38-whitelisted.png"},{"block_hashes":["D/67ds6FqRZ4GBx/eUlWYHqzxUAGqrUSow2HlDyxyEc="],"block_size":4096,"path":"icons/detailed/abp-38.png"},{"block_hashes":["F3r/V8Q+FJb+LIlP2A7AVnze8M/8UCeCr7eGkKj1IO0="],"block_size":4096,"path":"icons/detailed/abp-48.png"},{"block_hashes":["40fNR/KWT5xod8tPm8NBbcVIDEO2p43xCzhi3XAzjJE=","oANA4cfzaoDI7zNJ+xLKM+Dk4d1jYhTfVBzEob4k+lM="],"block_size":4096,"path":"icons/detailed/abp-64.png"},{"block_hashes":["wTFuCoCOjfEOWHqLqEvlVNMJwtxlYbWdZAH3ac8cRyI="],"block_size":4096,"path":"icons/facebook-sprite.png"},{"block_hashes":["wPENHp7WRnmqtawY2I21cAto5GLrE048Ut7YJqfwrWs="],"block_size":4096,"path":"icons/gplus-sprite.png"},{"block_hashes":["IaYvezslD6Gxr74XiaEnbkc4NFvXX5xs8CRPOMvr3nA="],"block_size":4096,"path":"icons/icon24.png"},{"block_hashes":["IpitwoH+god9DRekvvcfauu1t2wG12Mo4VKaaNV6Te8="],"block_size":4096,"path":"icons/loader.gif"},{"block_hashes":["+9gWhIDZF4cxzPms2QRAlh2m4FKua9pyGWydfSVeVAE=","BAU77vg5llB864ZGnBzVO0u2HN5KXv4KSDM8iR4W7KE=","kWd6mlrdaLqn/yA6y2ZLIWq0PPkGhkQ5+kZb45RJbkw=","6SAcVbECkHValfP8SfuTKyjFN2mLkYdzHSSMxGHTRiI=","mO3BIpl/57BS71YaeKHi2qPBf2Iovza02zE8Uf3qRjc=","hq3t9z7kIbpl+HWVoHiGU3qum0tqPBpmCcrJ3/yJdO4=","oMtWyrJheoLgRQOfFWZwgesOVq9cE5a2jeve1QOIjlk=","TMqviT5vob2LHdIeDGfPMtvoggw2558qd+Gxt+5EgPU="],"block_size":4096,"path":"icons/logo.png"},{"block_hashes":["pMkbJx6IdEe1qdhnWohnSBjvyUmrpB5LX/7pdR9Wanw="],"block_size":4096,"path":"icons/twitter-sprite.png"},{"block_hashes":["orhXf1ZA+J5nza2dNAJm5hhuYFLPSUuBGiGbJFAqgOo="],"block_size":4096,"path":"include.postload.js"},{"block_hashes":["WTsmD4KLdVgK9DHj4Zd3ZgmY3260/yBUTKE9aSZcG0I=","/V4ecNxkPAJA8JuHikBG2jp4MSfLpGP8OUBfhB4PIX0=","aosaFVNLwaMdykqz3WgTT1i4Ch+qokpIRgjWml9ttOo=","sFJnlqMl+QLo3GzyDevDHOlkYBNpqIRmOsCKGvNGoIU=","gj4Zvq8LVlWINT/wkEa0QvsQfx0UF2VrPicKWRyeIhA=","rPAwdlgLGUUblWws6Qo6QCfx3O63eGSn/4yUu65DEwU=","Ulb9eBWUHtcZGzohdQeJhs7fu35tgmorwH5wpSynS8s="],"block_size":4096,"path":"include.preload.js"},{"block_hashes":["uQBt5Vijram8PGL9qPqiAJkNn8YldeOMuEIicAjXd5k="],"block_size":4096,"path":"jquery-ui/css/images/ui-bg_flat_55_999999_40x100.png"},{"block_hashes":["moSSpYC/hdPpiuiGH71FVn5aH4Pur8+VdNoDmdX2Aqs="],"block_size":4096,"path":"jquery-ui/css/images/ui-bg_flat_75_aaaaaa_40x100.png"},{"block_hashes":["yM5FOyL6HchcFgnQuYjYO0t23Dhb/eYE738av6iGriQ="],"block_size":4096,"path":"jquery-ui/css/images/ui-bg_glass_45_0078ae_1x400.png"},{"block_hashes":["b1VOCbeyVaJkPo+V9Gl9K06IgkWcLG93PNctqj6L8qs="],"block_size":4096,"path":"jquery-ui/css/images/ui-bg_glass_55_f8da4e_1x400.png"},{"block_hashes":["3zVOwPN8KLR6myHWuN10PnFUjXzqTdOQ3Els3I7j+cE="],"block_size":4096,"path":"jquery-ui/css/images/ui-bg_glass_75_79c9ec_1x400.png"},{"block_hashes":["6NhNqQ0cMsVp1bnl+fEPjBd+mtTfvmCvY71MiFvy/Qk="],"block_size":4096,"path":"jquery-ui/css/images/ui-bg_gloss-wave_50_38cfff_500x100.png"},{"block_hashes":["6NhNqQ0cMsVp1bnl+fEPjBd+mtTfvmCvY71MiFvy/Qk="],"block_size":4096,"path":"jquery-ui/css/images/ui-bg_gloss-wave_75_2191c0_500x100.png"},{"block_hashes":["0XWuNFr+FFGbyj6+FSqfhj5RFviZOmQcJvYZ+SZDbfA="],"block_size":4096,"path":"jquery-ui/css/images/ui-bg_inset-hard_100_fcfdfd_1x100.png"},{"block_hashes":["A2NucXivU1NZ+NaxIQVFgrAAbYyWOd2wqS3d6fn9qBA=","kFaKYOjoYCt63aYRQeJQPr/vLEvxefvVb4ZQmjf4IXo="],"block_size":4096,"path":"jquery-ui/css/images/ui-icons_056b93_256x240.png"},{"block_hashes":["FQjRj+vEHurRnZwCcZNhTezEfvgxDz68LZStrFB0XYE=","Xmam/fmjrRvZ/4plhH1grke1kVKWo9frGnmP4VfBLFI="],"block_size":4096,"path":"jquery-ui/css/images/ui-icons_d8e7f3_256x240.png"},{"block_hashes":["moSSpYC/hdPpiuiGH71FVn5aH4Pur8+VdNoDmdX2Aqs="],"block_size":4096,"path":"jquery-ui/css/smoothness/images/ui-bg_flat_0_aaaaaa_40x100.png"},{"block_hashes":["Oat8zZ9Ogledp4qSQSZd8ojY62XbvXz0iu0tASmIffU="],"block_size":4096,"path":"jquery-ui/css/smoothness/images/ui-bg_flat_75_ffffff_40x100.png"},{"block_hashes":["aRWX6KQKiR6pTTWJl27Pwz5hRcSUIkQ7AKwrWgAilkw="],"block_size":4096,"path":"jquery-ui/css/smoothness/images/ui-bg_glass_55_fbf9ee_1x400.png"},{"block_hashes":["8ObNkbg31cVkTQJuX/7M2QeVMxfNXA9omQFzOv2iYLI="],"block_size":4096,"path":"jquery-ui/css/smoothness/images/ui-bg_glass_65_ffffff_1x400.png"},{"block_hashes":["wQj1y/LdnsB6JlMGld3ZXhZkWXzmwFauRMFizC4ozsQ="],"block_size":4096,"path":"jquery-ui/css/smoothness/images/ui-bg_glass_75_dadada_1x400.png"},{"block_hashes":["3fXdTg7ysYXouwr3tukOvnSoQ4TLRwBljnbnVMi/5VA="],"block_size":4096,"path":"jquery-ui/css/smoothness/images/ui-bg_glass_75_e6e6e6_1x400.png"},{"block_hashes":["9vHBvt8aDzfP74HRL18BKGnR7nyYR3WlaYJ6F4TTT1w="],"block_size":4096,"path":"jquery-ui/css/smoothness/images/ui-bg_glass_95_fef1ec_1x400.png"},{"block_hashes":["VCcGVt8HnE2lGCYpoID8YztvhLh5hesBbSWlYOLDjUo="],"block_size":4096,"path":"jquery-ui/css/smoothness/images/ui-bg_highlight-soft_75_cccccc_1x100.png"},{"block_hashes":["I4s85ycLRZwP3v65+vFqHms5cLRX/5xkJk5CP7H4C/M=","Xmam/fmjrRvZ/4plhH1grke1kVKWo9frGnmP4VfBLFI="],"block_size":4096,"path":"jquery-ui/css/smoothness/images/ui-icons_222222_256x240.png"},{"block_hashes":["7wY7UHfshlKVQgJkyZeEL185urUmsEsgk9aYGsK6uSc=","Xmam/fmjrRvZ/4plhH1grke1kVKWo9frGnmP4VfBLFI="],"block_size":4096,"path":"jquery-ui/css/smoothness/images/ui-icons_2e83ff_256x240.png"},{"block_hashes":["aZ7lQalzJaN029jgADJIt+O362fo2PepecfioiJdCRg=","Xmam/fmjrRvZ/4plhH1grke1kVKWo9frGnmP4VfBLFI="],"block_size":4096,"path":"jquery-ui/css/smoothness/images/ui-icons_454545_256x240.png"},{"block_hashes":["I5w8W5NBKgC3yMH0RJFALCKZs0nnaQqIiETWT1RzoJQ=","Xmam/fmjrRvZ/4plhH1grke1kVKWo9frGnmP4VfBLFI="],"block_size":4096,"path":"jquery-ui/css/smoothness/images/ui-icons_888888_256x240.png"},{"block_hashes":["r2m7RemVe4lVHEDuQHK5q3oXtC3sKjTJ1MOICs8+D9M=","Xmam/fmjrRvZ/4plhH1grke1kVKWo9frGnmP4VfBLFI="],"block_size":4096,"path":"jquery-ui/css/smoothness/images/ui-icons_cd0a0a_256x240.png"},{"block_hashes":["Ju9PdB4iJUD2EoHCtr6O5/yOMCtMnuonTt+x8nci0d8=","uGNc5bgJ6mc5YC8g6XpEnvJ8FUoWO8jtP2cVtrgr88M=","7VXBVZnyTywOhDyd0sr0O+40rnGykfOkQzJ8KMBe6B0=","+ptXStqSoNKAGzk410ggfZnvzwISlOOQlAb0vHmXYgE=","AUc1dSivCuI9eGmff0Fgm46ahkzxR4in5gFZKapx1xQ=","1lSE54qHLcGz0UmnwXfb7CBiNPa00RQoURpGDmxr7LM="],"block_size":4096,"path":"jquery-ui/css/smoothness/jquery-ui-1.8.16.custom.css"},{"block_hashes":["mn3q0keulMxLylRC5T7DKRHIa3bRSdOS7DvULBXUx20=","/y/LzUw12g0R/88rSMNiqwHQayV2FFBNbMyfoXRutr4=","CRpXwap7/YEmdnYgoRLiy/AaxsFYmAFIaQNTWQIVYNY=","BrQZhXImbFy0Yyw3B2FUe+2KdvW1CiRyUL2zumg0OIE=","LgHdILFxOGcz89emok2EfNXMJ0xz0qtIxJTKi7IfvW0=","d6DEQcNVZnEbIL7dmnXwQiw8huyngJ62BMKoBJf8qnM=","JxK72HJ5gPUqwHQ/VqKAnuj5CrLgn1WyVGhmQjueOAg=","TZHgSw7DvTAM8KEPlJOhZEfQDCur10QW3z5Pfl/ZItY=","u88CGcsOMHstdYh57iC9y0Pf/4Zw+REJB9JPpwK8i98=","PdrvarsUpfdW4rEocneCiZQMjYbBOBGQD6qkUG2w5Mo=","KH/ZsM5d/HR6Rd+cBxYjNxMzHdgZbo214WFdDWZET6Q=","T1ryMs2FrTKv+H9KPv/dIp8FJpzCtgNulAUWWwsgbvg=","P9thNoZX4SGwkJD0Fo7GdExsN+jreac5du+dt0b7jw4=","U20Ph2rQkLz1FpJB0JDv352JYlj9+YxrJBN6+uGwB+Y=","5McMajvxm8g6HbvZFrU1hAn7A0nSEBaipZ/5gTRyrnE=","QACTLme5duf56gWQ27ZuRfN8XFm8vTKoB29L34ZGQN8=","quTaI0tr8XSyl1yYKC0R5MBCu/j4XgXwM+L1a99wHfU=","YjP5pMYJPdbbX/q6rJ/U0ntwjYkYAghGmLctgIAwjM0=","tLGNvjD26asLkmeAK3sppyTHzX0QPC8tg0UbaFBLtpM=","xUNIslITg/xEmvbdZiTx1hYlYqxk5gA7wWZCjyZl0rc=","7xQL7inrFJbaqXg8lV2sxWHhJNlmj/eJCRu2egZwkZM=","daIRJd8S0+ToFfnhxm/TqWUrAjDXrwxN1ehAYr3sg9c=","bRWLhNgmYyjMGU9bnREXIIOCj6tyZabyZU/DrehPjAY="],"block_size":4096,"path":"jquery-ui/js/jquery-1.7.1.min.js"},{"block_hashes":["6GE9cr+GFODO7p/e8voxmxtK3WekTYHUi3bnt1MYDN0=","OhUB2lg8QxBS1ptzZqdRtMkogQez+b6lGOjW/nJHoP8=","ek88+3QHuWlYiUoQPrCc1yuSbfLJQ7VJpzQcPcDkJDw=","yVfBwmgAOkwUA9JI7/teq6TgDSygKRD4+r0fM2S0r3I=","vBqRZlwzFzFXYJUGFuarGsR2ufKqALFX1sn2TvHP45s=","1t+Lq89ynEZi0/vg89VtMe3T2PD6PxAVI0+RPdq+dB4=","CcVuoOlId9M/KAdedeQw1L34r9Y4xjIQw1qwZxpAoqs=","IFFrRjYv8k/uAV9y2BlPEhVpSz8PRXM1GkP7+vDvUpw="],"block_size":4096,"path":"jquery-ui/js/jquery-ui-1.8.16.custom.min.js"},{"block_hashes":["/Nn5/visJPjJfewNE2Wd2YhiR6SoCF5aNaFTze85UFE=","9O5KBgd/zEOt5bARGPUbjv/P/3lYLkAgVFXh4OSKdrI=","ggUfajJwFTUnngeFpTO8swQFNo8STX5vm3rwE8SnkYw=","2enGIIIeFlBRYHvSEr70sukmI6eRAXskqQiDxlmYFIA=","pG1UHA/2e9htx6r1fwsjSUUepcRC3oRy0+v5XYCUlmI=","W5t0bNdy1dLlzqs/JA8d+/dFydzRPW9kDVNu2k/4ChI=","uaf7ta9Af5mh+3CcozxZnvCpf9QQLX9QbLz+NHYi0ts=","rOOfq3I6jEwqoJlaDdAP7oh3ngov4tSe0AKXDVNU6uw=","t6pqRkn6nvWYyZQmOokVdGvbWqBXkqD87XiLFWFjOIE=","owzbJvo1ysG6IDLoMMxjKIZmfm86HNzDj7BCg/q3oTg=","vobTBu4Q1w5PUlemSc7GCOHoY8Zb/h57Up+geaYB+bw=","noYD+G25gyI1rSwFPFusqtbHueWNeWIVJx1Ik5IGvdA=","GJH7vfzJOgBgS8VHxoxnY+g/XImGTtwXafMSRxevR7U=","RFqrbximhlbZuoqxXmRhQ209yPCumQZT7omA1SwI8e8=","32/1n8INWMpRccHepkY6jt0iV6Yfl2cHreR28hJH6HU=","sHwGkjxzOyMbaIvLWsDOKZI+DqaQ50FMNHz8WS+l9pg=","DC7IZhfFFtc2J6kpyIkNN9sWGibaG2/FY+i1GFpN7Qg=","LkP7906mOnL0D/2VqCNEuU5yZmluaFFCRlmI6h4FRXo=","pwt5WyGuuUbeYGPNLj87bPKp+Qg7NlatCCzq2p8p4Qs=","UQqlnqcCzu+DmL5sH9wkN6dc5V9jyrDsrYtQ/fIwgjA=","xsuyL5d47HWzP6ugQj/5QuVW6pUipHowOFXon8/kNVE=","u8Jak+4PuWxbarCGsDTfW9aBtYn8MeIJ9BcJE7PixdE=","p8Qx/3rEHgm9xsL6xbAfwuR8w8TD3Up9nb2tgD3ph1A=","7g5rQNsGNhE48HfirC8/EoyFbboMK3JbVjLpMV4RgGI=","kzjQDyDrVFRcXTgNtjkldTXuxLok/Hyord1x05eKl+8=","N21NKQIrukipBwm7zGKBAI0W3Zbi0neb6JPnA76y4qA=","7U+GZd1IsdyCqf/MHjS/fVPqUsmQbUg7XTk4nIse1hQ=","dsGJiZjF4rvk+416Jnn2HpNQR0GbAQOHIai/dVxSdmM=","+gVoJhlRvGgnBMOpz3fQHrdZC9CXMI0kAq5T6ZoyM1c=","O8r7MV1uli74dCJP07zm1DVMawgapJSpsb1/4FOh63w=","QOSr2tOcD/tEaDLI6Zc8pUDMnPx1dcxFoAVMk17Z31E=","C34Zflo0am0kID6AYCwg36otAyOob9Kq/Rm025fQG1c=","WhhiE3gXliZmnNFuchx7PhLKu03dGJhiTICKQGSOWHA=","CKuz3J6fovCPXjcl/eOoiDB3Yfkkb1rcRrIGN+JvgOI=","FYMhb0EtfZAKeBCOiAHyLOdaNQLqQv5zppqZT8llxoU=","50tPLlIjnPD71DDbOS6Q/N/yMvE6LbyxJsRC1PCBtak=","o2rFMhEY3KnUP0hL9hCTS1M50Tlkgc3PAoQWn9mOiyg=","OxfpgWVvdh4+Qj6vNc9YlVnWZ6fRm4KA4sIvO3JsILE=","3/nm9Bwh2MLgcvGNUI0gXyv2XeROwBBZ3drdVmGER0A=","wK2ckagoP5qoao0DH1g/Xzxn5myFqA22WI8Txg1N0qE=","4oSHBtx4mYfyMlpnafYKx8Xh+a2qy8Yhox9lJq3dNBA=","AijEw8LhX8OwwnnCTCelkXvkQmkYe+kB3DuyjOxHHik=","MMX2KD/GxR6v2kUOmn7LUNYzf/dJoZgU+CjX6tqGBtY=","1yDz9M5Ed4gcHqCfyjKjxfJhk7Eb/qD9K6IWQyp1buc=","lGoTN7SvAzh8vt7Ofkld6wMd17NQVKV/KWzspUQUxrE=","3aj+zi1Mf7ROrSC9msFAy7YL9pPvaPnY4jIfcJxPgoE=","x+l5BmNk8jOqon73y06jwBmzxPadiCnCHegpOAdbapc=","AMZBOUm+9IiclXChLZ6WLzzn6FyOONLlA7O+f7JF0zw=","+Oeab3Hs6AH0F8Vfr5PQBYuwa9WRO+UreMpX6wWlEkI=","KxhyCcAN4IJhwOGnkPgvztS9bJ8n8t6ZpfpYoEx4QYY=","udbDXqLZ01kFFre/aBl58qjaQGqPEJ8XbBH9TOFMzms=","bhs2WjAK/ZF1UuBxekwx+vCknCaSfKAV1u463BL/z/k=","YgfEkKVqjCfs1sc9g6YFGWWFNJVLRm18xZNg+2RxFCs=","D4aAT72tyuLgXumn0p/I7xHzA8Iipq+1fOq3cie5mRg=","+bSuuzB2Ry02tUgUQ+Iuz/U6fBByeEmzy5HsrjkPBPw=","DJuey96yd6yuVgULYqgAkfk1arquzxNqOHO3/5zo7mo=","4QbXRUZGtbtaSrNRYW2wOzpjW/Cjf6tOTKo/str/bdg=","+M2ltCF+FZookVY9RT/ZmkuIhe+NrLFxLpQROsrP6SU=","nLbySmjnBRwVZoA7ITjxT16ND2fTcfEsVope22C9vZo=","viphPKX3wrgKHoZubTqNK5lin+tDhRrBqomcIQOJduo=","Hfom7s94MmrIkQvRAIni3feYfjhz4zNmUfG2Fu0Oy4E=","arLEDHaEgrKReLTWLgLIriSqOyQ1DpoBGYY1toEUHhY=","rXH8DcSncy/hth9rKAH22CBu1THycWtV5R+w19C0BxE=","rRQ0aTg8+q4TPyo638K6/JjfWMMqYCA+zvfXQsFfq/M=","RNb1PmbZKSz2YlTQuT+jkJ1LwUt0Brl3wgoQIfCnoLM=","Xj+FQCv6ETGP+LK86+8gw9CyhScb+C/HeqAPz3bHFx8=","7GoYkBfDcfYMiNXdxLExPN1R6DDB3Me/7OcbR64kaJ4=","70jcPu3E9xZYZwsQ5eM+ObMPbYjea5/f060mWO/115c=","HwCQYtj8IkVTlWtw/r60nnnxTaeNwaHkJHXea7qjKKM=","Ud2rr+by5eeArLPCG81KYMJ09kLNLPi1VELk8rB2YBU=","e2sA85RP9E6az4eR8ocG8XWfkLEZR9OqOMLR15tK8FU=","7hpUWxQvEBp8I5ycmhaM+U5aVhlGhkevy5kxViMpms8="],"block_size":4096,"path":"lib/adblockplus.js"},{"block_hashes":["xpVtEjskDO4947H9IV0ep2L05eoosoOsesWjjWvcaaU=","sf9dKEMb0vkSoEBuq91B0QZor0oCA/GsqVxBKjL72u0="],"block_size":4096,"path":"lib/compat.js"},{"block_hashes":["YPyn0SqTzcQMHeDJ57JHijgg8WNy/ecMidWo5Cmc/2o=","20u6tyNt8qJ7I9QXoStCAg6yEBk1XVBIu8gZ6WUn9+M="],"block_size":4096,"path":"lib/filterComposer.js"},{"block_hashes":["kSCG2ALFy/RWgoQhvgnr/VXU0z25wjdUQrh+QmlTEpw=","LP3eQAVHgG9Ogr50APw+A80NrJT/4z5tD/N65guJ0UE=","p0ljfLn5/jPQsLOuKS5FFWIRrMNLa9iBfydAzBqyUdY=","OxXMgS7JqZp2ITPqzLXgU+Uy0DwIQfZdmG5ZtIPC64M=","SaS67bb9cfN0tO9IKKJhgmXVzbr0giSARN+v5O01ICk=","Pk5f3KEe8zezAnx2OQraID/LLrhuQEC8v4mPqnJMvDU=","XOhE04GJy4ybo+zxtjX0EtPtavkbUod3A7mtjH2/WVE=","agCsFPyjyHofIXm0PKT3dKg+CAQL0wHB/sOsMw5WdFU=","yVQaI5DZN8/8wgp+2SRLhUsr9rjOBcKXpG3us4rvoqg=","DV0tz4/nP/BbQbRk+QmNcKSDBLJKgWPQBzCy88YDvg8=","Ocm+5+d/0zUjiQlDEKs60IOM7AJximtK1ZXqxNekI8w=","hIvmLAZ052UXcHOdCq8wiwsb0rmMjgGHUA+Ip94OGww=","2IRyj7qX+V+fIOmyvS5eOcbXZQGSkiUyxEmM7SGI/ZM=","lXuubZx7R6k2GLEgNACre9eW9rRA2hoTvzCe39TCCgw=","sMP+43MaXllQWNZ+gqOgw4h6FFtWsvN0KTymzdyi9Kk=","hkBP4RIfpg0QcmCnX5f7aNP0JXmSFpayN0ZDQ0nx/Gg=","az33nHKRgWVHemh3z5TLviaBNOsm4hTvrhHkvmsUf70=","Zg7VssoxBx2Ft96u8VEyA8iqau1shY5h8Ig5fVUoHl8=","fyZCJYQWYlKb+pNOoSFE7R4Bnu5UtRR3i9yNJ2v12ic=","7HGntj41gMn0LH//mUP1TmOiJmtTami5GESW7zoNxuY=","EFrBzGyTGYO8qmwSf0E9QG7vTktXs5vyf7Z3uNucLzY=","35jglMGIKjx3MsstGj96GBLcyRA6X5qnzSHksr419jk=","FujyQ35MCnpdW7FM87gFwckRoepnN/XgKHnMV/gg50Y=","hppwI3I62TJDx7X35oGovOMF8zvfydpOan0P3TY14s8=","sGT0Twfmh04A46aLPBa5uRuNUuEJvOXcVn8mzBeVCoo=","YVe8+Ry5S71xML0cpbnpwUxKPUjgX2ADAOwCeEMgbdI=","CeBA7BJwvzZVf+4XCb3CGMB35ik/BbX3q9iL4Lu3paw=","hs9VILpZBwbTM8d9tqDd5/U/kZrbMQbs6t8dQNXMc5Y=","2UpIVjdg8oqlOC++82+GUe63vzHx14xA3Lm3oOwFtcQ=","t2vpE5lPm6o0HEWlkk+jw9nfirbb8PXSQI5TWe0zzUI=","cqpsG/nMtEErKBSUz5UmPyFX1Yp/NmC0qzyQrqf5EZc=","wUwA2KqfQVpH3sYNHhdreqwcWqoRpTS8NuNR44Iuj4g=","wJ87mJFCbTx4poYBa9nENi2vJ6a8b0Dn25DeW0HDQag=","Ldf9m1r0xX5YTWJSWdrKShOq1RNM1gQN7se/+kCpJpY=","pTIyawtVs5US+jdHemSYnIxSGCLReadyvGILJJpe5bk=","9LYJ1Gdr17nQ+kkYK7izBAP3Ri5j5wO5ect/6FImdsA=","42gXWZoWJINRmFFnBsDdp++AfAALViAVcLSpYmb2Ezo=","orf5FXtN8NhQ4bDrTcvfuMzzHDchpoFNHPebgOz2KgE=","3P6YdXp9dtcuBx89YUCw/6/yIO0IOqaQ2nMJE/ejAKo=","WJ2cqYUo0FDOkNCuDQoT8amSo3jxAcFnxYmEJIAiGSM="],"block_size":4096,"path":"lib/publicSuffixList.js"},{"block_hashes":["a+Hm/gK7FKKnAEhgayRsbF46xDAsZBc7xk66RHrr4F8="],"block_size":4096,"path":"lib/uninstall.js"},{"block_hashes":["xMhYCRQbHIpGQzAe2QP/0d91AO8CnrUugMXxH7p8rmg="],"block_size":4096,"path":"managed-storage-schema.json"},{"block_hashes":["EJ49JTItRaHnyUxpcqwdjBSB/UOoSgSsXTr8uORBXhU=","vOtQScnVhYoBjRMdaJ162z1Ao8lD3nodQJrWnw+xyiI=","ivcUojprxQ0I8NPUV9TBkL0OWswQdSPMmCS5E3ZH5FE="],"block_size":4096,"path":"messageResponder.js"},{"block_hashes":["ZfLKx/ZPZZfXQUO39rrc0Jkm0sqgVe4Vcd/kGktWNXM="],"block_size":4096,"path":"notification.js"},{"block_hashes":["ePAkXwwiocdxRvyBPMHx/euBWWh+exDN0zKEIpyLdG4="],"block_size":4096,"path":"options.html"},{"block_hashes":["z9wZ0Ody6xDn7pQOY+OwSHof/hYRdc7yzgcs3rADnL4=","aYeJyUIeGs+GDrZTUZBQ9ztu4ZhFOh/WIo5NfdE6X1I=","y5NCf3e/pPVRmwsRz5ikcqKbI2oNZg9Io1TqShZ0doo=","b0qsNAmmpIJ6va90zBHizAOA8pkyjJzUg4VZObZX7HU=","6iHOLI7/3M8KgpjT5MO2lrPE8BSn2n9lDq+8K5pRxM8=","YumI5ZAEChWWY2UUqnTyRR5UvLhayU5MkNGRH7/WXys="],"block_size":4096,"path":"options.js"},{"block_hashes":["4JcDhjIrY7FQP+YNpri1zfi1o+wPCBMFC+5z27xAgjI="],"block_size":4096,"path":"popup.html"},{"block_hashes":["n71nacrICSqOFDqY20I+2T/yfoAa3IfDMvLfzAEmXoE=","fuZp49v+qAymkex2zuu9ew+qWLvJKISZ+D2Kmrm/BV0="],"block_size":4096,"path":"popup.js"},{"block_hashes":["se++uLtwNPnpxIqyZz0hUgpvT1W0YpkjgiEdeDgukz0="],"block_size":4096,"path":"punycode.min.js"},{"block_hashes":["FvsS6Ujmz1fz6d/B/bh9QwNN708QRIJ64wpYfBv5164="],"block_size":4096,"path":"qunit/index.html"},{"block_hashes":["TVdP8CQbS5T9kEKmq6kmo7YtQdBcBIjeop6V0bP7Xrs="],"block_size":4096,"path":"skin/abb-logo.png"},{"block_hashes":["NKoYjpB8Q/SN3GptvNZI2cJnfrQnkXLUeSC8Q1IRB8c="],"block_size":4096,"path":"skin/ajax-loader.gif"},{"block_hashes":["3zDekyLdNK63ISfeO/xG6HnlTPM0LpRdpMgYf6S/SxU="],"block_size":4096,"path":"skin/background-main.png"},{"block_hashes":["PXcJhUGqr3KkLkYXMVVnBGMMTKQe1bkaosGMZN8/s/c="],"block_size":4096,"path":"skin/background-share.png"},{"block_hashes":["qfLIES3lYruq1sSpOTYLQ+NEEVkIEUbguQQ25e2wLuM="],"block_size":4096,"path":"skin/background.png"},{"block_hashes":["5OtZm7VCnVG+zJPb14GBwPrmdfh09odpAmcEd5bCNU8="],"block_size":4096,"path":"skin/common.css"},{"block_hashes":["2wimkDoUU98i1FMX3o+Gk+xLuUXx58zuvObxS+V8SR8=","tQIxydXNlVN8L8q+o43urQ5PgnHYtFS22NFxMMlcQdE="],"block_size":4096,"path":"skin/devtools-panel.css"},{"block_hashes":["yZ9wNDiC1nu061yGcsGbTS3PtYzrxcE1JsMbqEs7RkU="],"block_size":4096,"path":"skin/donate.png"},{"block_hashes":["to2zbgpo/MQDgZjK2v6MWL/UiiAZvCi+017cvUrWmm4=","4bqae4zG3fthTuCdkt5YX48uBBBCipsNt8rMjkYsMmM=","rqhaQ5REuwGRVvYO2x0aAwxfjleLmPZ3fIJi3VtKpCQ="],"block_size":4096,"path":"skin/firstRun.css"},{"block_hashes":["7SwWGMV1ZzzGUZ22ZJhnk2VqREiaZr/GH9D384BR8Vo=","q4GJ3Dz2+RpTDGuVn52vOLubn8UA9+WfyINwa6nMAik=","uTSzzgfvOq8gQaDD/UB0f8ReWGeBrhFrXTgWE7RYIgo=","v2XI9cMTARfFSxY6Eg57QkYMBh45D8aLhtM2mpOZyK4=","zZOSyTYk1cHvaJC7IJjWLBnuV887iz91lVqHgw4XOOI=","XDVEd/l+ggA3UUa/dfKtbpioJnLR5EAmo1jjgJpz+nI=","OOgWliujLN7Jv/7KVPLiR7I0YaYvKj3WyWceF3dJLtc=","BOhTgH7bk8wonAc0D8CqUeiqtTp9nCSbcAjUJJB51tk=","KVoCr4op7eMHfFd52yqKvhYXHaRL/8jR7m3Hm8SqKC0=","KrgiCag2xOa9tQ8OidIuzJGmsnpKuGwafcgAJ53aMpc=","Hqb6VmidjGgyPmRXKFlwcuonDSzsBRm1ze6xb7rzHB4="],"block_size":4096,"path":"skin/fonts/CreteRound-Italic.otf"},{"block_hashes":["W9rvzjJmCgcJpbzgqB8msut7jOSU/oRP1rRRjEnlAnw=","12F/fKnYGMeqKg5ANaaGBMiEUpQtqjLOuEw3ja16LoE=","ILNTOZVfNvsXswAIcsFT84hbiqnIH3daH+XZNZrI+PY=","Fw6Mz49ZYIeay1cJZIiICB0V/okcu36vdQGevMUdK4M=","en3wyWr0Uq14btPw+DcrxqxKJxCd+dosy3K/Q8pdxvY=","PpCpJTtKdj/iNbKa0fEpyVN91aY0WjCVkSjiXUw+cUU=","F/Fp2t16VFa4f4JGZHLiVDN6NiGqbGA1k0Bi5eQ5oKw=","zfuRj1TsoRsw7xiahV70rFCS5KD3PVwFNZb72lZK0S4=","8bdbyqXdXIV338efyZW6ncFoz1TPRAQ8zUQPeaf8lcY=","clLs6c43ikMaJhgnvRG5lsfj9AnNDIBf4hveSa0KE0A=","vVxxHodjyBi7h1LRUIoHFK0/u41Xf8N0htTAObVkQEQ="],"block_size":4096,"path":"skin/fonts/CreteRound-Regular.otf"},{"block_hashes":["R0bNYdUbEPYMU64pgpApQ76K6MMcEJh+tGI5QUPbv7A=","7xh4a38zZcGgLnwcFLVzRTDfjaLju8trLxWsi0NA/js="],"block_size":4096,"path":"skin/popup.css"},{"block_hashes":["o6a+E6IGmhsOhzNR55bB/ddjkLCPVH424zDCttiCazQ="],"block_size":4096,"path":"skin/popup.png"},{"block_hashes":["IohUVaHKKuvRTgmR51utIMFUERGAjcxYBdLskmZLOk0="],"block_size":4096,"path":"skin/social/facebook.png"},{"block_hashes":["h1ROf0sIO3uE+RQ2+/SXRxOPp1sYXQ64UKYse6VCjYc="],"block_size":4096,"path":"skin/social/googleplus.png"},{"block_hashes":["nHXvMyFCxLfWcp/+o1iSs5TbxXaJvWthChQ2+fmXzsI="],"block_size":4096,"path":"skin/social/renren.png"},{"block_hashes":["qrqb16qgHk3Xl24wzwsCXxzCszhLcyjJGpAuloMX9lY="],"block_size":4096,"path":"skin/social/twitter.png"},{"block_hashes":["DWtjcO7lvB2cn3NOUGNZJcYq0EYejG2xTRiZUZ/q900="],"block_size":4096,"path":"skin/social/weibo.png"},{"block_hashes":["Ih4N8HgniYCC/KF5cvJ0rKDUvlVmwqxZTwCVqoILZ04=","5OqxM7M25kvj4C0MPslgG7lIbe6J9chB2w6ds8B5bAk="],"block_size":4096,"path":"stats.js"},{"block_hashes":["m7WVY1D4qsfQUGQNBQ4Xufi3T3eO+gX14eEzFrNKGyA=","xEBIS21W3hH3YCVP5/jLNwje4TVWw1qZ3AehPuiCnr4="],"block_size":4096,"path":"subscriptions.xml"},{"block_hashes":["Ck6W/41g81Ai7EmoHZFPNu7cOIZ0ebM3pNlleIjdixM=","7rdl04MH4KnInFSSABqYj4JWRXjAMjzicnvtYgjMN+Y=","uvUnL060hBcicTwye8nJeGX0sQVtjvTm3jHwqO+SmcI=","6jt+QbIecdAuygNVR9LgZv0MujiR2JMrwlvyAqM6OGI=","W8SbHS4n96TnAEchBNm+zRUlaXzI20R4nHcuSNsVy24="],"block_size":4096,"path":"translators.json"}],"version":2}